DateListe,Saison,Equipe,TRJmoy,ROI,Nbrdematchs,MoyCoteResultat,ROI-10J,ROI-5J,ROI-3J,ROI-2J,ROIJJ-1,ROIJ,CoteJ,CoteInvJ,Last5Results
20200307,1920,Dijon,94.96679087746288,1.2242857142857142,28,5.117142857142857,0.6000000999999999,1.999999999497959e-07,3.3333333324965984e-07,5.000000000165983e-07,0.9150005,1.83,1.83,2.0,DNNND
20200229,1920,Dijon,94.94476988394854,1.201851851851852,27,5.238888888888888,0.6000000999999999,0.42000019999999993,3.3333333324965984e-07,5.000000000165983e-07,5.000000000165983e-07,0.0,19.0,0.9960474308300395,VDNNN
20200222,1920,Dijon,94.95636833638589,1.248076923076923,26,4.709615384615384,0.6000000999999999,0.42000019999999993,3.3333333324965984e-07,5.000000000165983e-07,5.000000000165983e-07,0.0,4.2,1.218867924528302,DVDNN
20200215,1920,Dijon,94.97579298627586,1.298,25,4.73,0.6000000999999999,1.2000001999999999,0.7000003333333334,5.000000000165983e-07,5.000000000165983e-07,0.0,4.75,1.1886792452830188,VDVDN
20200208,1920,Dijon,94.97164033105086,1.3520833333333333,24,4.729166666666667,0.9000001,1.2000001999999999,0.7000003333333334,1.0500005000000001,5.000000000165983e-07,0.0,2.55,1.5241013071895424,NVDVD
20200205,1920,Dijon,94.95326605407278,1.4108695652173913,23,4.82391304347826,0.9000001,1.2000001999999999,2.0000003333333334,1.0500005000000001,1.0500005000000001,0.0,3.1,1.3705516014234875,NNVDV
20200201,1920,Dijon,94.94942759319984,1.475,22,4.902272727272727,2.1900001000000002,0.7800001999999999,1.3000003333333332,1.9500004999999998,1.0500005000000001,2.1,2.1,1.7485714285714287,DNNVD
20200125,1920,Dijon,94.92739906306376,1.4452380952380952,21,5.035714285714286,2.1900001000000002,0.7800001999999999,1.3000003333333332,1.9500004999999998,1.9500004999999998,0.0,5.5,1.1308687615526802,NDNNV
20200112,1920,Dijon,94.98375145426226,1.5175,20,5.0125,1.8000000999999999,1.999999999497959e-07,3.3333333324965984e-07,5.000000000165983e-07,1.9500004999999998,3.9,3.9,1.259259259259259,DNDNN
20191221,1920,Dijon,94.97288379928767,1.3921052631578947,19,5.071052631578947,2.0700001,0.6000002,3.3333333324965984e-07,5.000000000165983e-07,5.000000000165983e-07,0.0,2.1,1.7517730496453903,VDNDN
20191214,1920,Dijon,94.94319550691192,1.4694444444444446,18,5.236111111111111,2.6450001000000003,0.6000002,3.3333333324965984e-07,5.000000000165983e-07,5.000000000165983e-07,0.0,3.8,1.2788990825688074,DVDND
20191208,1920,Dijon,94.89947664349668,1.5558823529411765,17,5.320588235294117,2.6450001000000003,3.6000001999999998,1.0000003333333332,5.000000000165983e-07,5.000000000165983e-07,0.0,4.33,1.2162162162162162,VDVDN
20191204,1920,Dijon,94.89622436595536,1.653125,16,5.3825,2.6450001000000003,3.6000001999999998,1.0000003333333332,1.5000004999999998,5.000000000165983e-07,0.0,3.2,1.3636363636363635,DVDVD
20191130,1920,Dijon,94.84813733165386,1.7633333333333334,15,5.5280000000000005,2.6450001000000003,3.6000001999999998,6.000000333333333,1.5000004999999998,1.5000004999999998,0.0,7.0,1.0778761061946902,NDVDV
20191123,1920,Dijon,94.95122514281056,1.8892857142857142,14,5.422857142857143,2.3450001,3.5400002,5.000000333333333,7.5000005,1.5000004999999998,3.0,3.0,1.4191304347826086,VNDVD
20191109,1920,Dijon,94.84439449127669,1.8038461538461539,13,5.609230769230769,2.3450001,4.6900002,5.000000333333333,7.5000005,7.5000005,0.0,8.5,1.08130081300813,VVNDV
20191101,1920,Dijon,94.75417520885337,1.9541666666666666,12,5.368333333333333,0.8450000999999999,1.6900001999999998,0.9000003333333334,5.000000000165983e-07,7.5000005,15.0,15.0,0.9950980392156862,NVVND
20191026,1920,Dijon,94.88464281274516,0.7681818181818182,11,4.492727272727273,0.8450000999999999,1.6900001999999998,2.816667,1.3500005000000002,5.000000000165983e-07,0.0,3.3,1.3381818181818181,DNVVN
20191019,1920,Dijon,94.85213492624234,0.845,10,4.612,0.0,1.6900001999999998,2.816667,4.2250005,1.3500005000000002,0.0,10.0,1.0611702127659575,NDNVV
20191005,1920,Dijon,94.73164733997005,0.9388888888888889,9,4.013333333333334,0.0,1.1500002,1.916667,2.8750005,4.2250005,2.7,2.7,1.471186440677966,DNDNV
20190928,1920,Dijon,94.66940557359797,0.71875,8,4.1775,0.0,1.999999999497959e-07,3.3333333324965984e-07,5.000000000165983e-07,2.8750005,5.75,5.75,1.1421875,DDNDN
20190924,1920,Dijon,94.5807229938506,0.0,7,3.9528571428571433,0.0,1.999999999497959e-07,3.3333333324965984e-07,5.000000000165983e-07,5.000000000165983e-07,0.0,3.6,1.2727272727272727,DDDND
20190921,1920,Dijon,94.67253503511427,0.0,6,4.011666666666667,0.0,1.999999999497959e-07,3.3333333324965984e-07,5.000000000165983e-07,5.000000000165983e-07,0.0,5.75,1.1333333333333333,DDDDN
20190914,1920,Dijon,94.67241734480055,0.0,5,3.664,0.0,0.0,3.3333333324965984e-07,5.000000000165983e-07,5.000000000165983e-07,0.0,2.7,1.460472972972973,
20190831,1920,Dijon,94.64563739354635,0.0,4,3.9050000000000002,0.0,0.0,3.3333333324965984e-07,5.000000000165983e-07,5.000000000165983e-07,0.0,5.0,1.1547169811320754,
20190824,1920,Dijon,94.9250231668703,0.0,3,3.5400000000000005,0.0,0.0,0.0,5.000000000165983e-07,5.000000000165983e-07,0.0,2.62,1.471186440677966,
20190817,1920,Dijon,95.28006934306376,0.0,2,4.0,0.0,0.0,0.0,0.0,5.000000000165983e-07,0.0,4.0,1.251923076923077,
20190810,1920,Dijon,95.21044992743106,0.0,1,4.0,0.0,0.0,0.0,0.0,0.0,0.0,4.0,1.2495238095238095,
20200307,1920,Brest,95.0586486795423,0.9221428571428572,28,4.651428571428572,0.8320001,0.5740002,0.9566669999999999,5.000000000165983e-07,5.000000000165983e-07,0.0,4.75,1.2,NNVND
20200229,1920,Brest,95.03125347035012,0.9562962962962963,27,4.647777777777778,0.8320001,0.5740002,0.9566669999999999,1.4350005,5.000000000165983e-07,0.0,2.6,1.4933333333333332,DNNVN
20200221,1920,Brest,95.03809321169282,0.9930769230769231,26,4.726538461538462,1.1820001,0.9840002,0.9566669999999999,1.4350005,1.4350005,0.0,3.75,1.261061946902655,VDNNV
20200216,1920,Brest,95.06478250307444,1.0328,25,4.765600000000001,0.8950001,1.0900002,3.3333333324965984e-07,5.000000000165983e-07,1.4350005,2.87,2.87,1.4191304347826086,VVDNN
20200208,1920,Brest,95.06920081441432,0.95625,24,4.8445833333333335,0.8950001,1.0900002,0.6833336666666666,5.000000000165983e-07,5.000000000165983e-07,0.0,6.5,1.1066907775768535,DVVDN
20200205,1920,Brest,95.09099517227493,0.9978260869565218,23,4.772608695652174,0.8950001,1.0900002,1.8166669999999998,1.0250005,5.000000000165983e-07,0.0,2.5,1.5483870967741937,NDVVD
20200201,1920,Brest,95.0670617764475,1.0431818181818182,22,4.875909090909091,0.8950001,1.0900002,1.8166669999999998,2.7250004999999997,1.0250005,0.0,3.6,1.2981818181818183,DNDVV
20200125,1920,Brest,95.0506348740851,1.0928571428571427,21,4.936666666666667,0.9200001,1.3800002,1.1333336666666667,1.7000004999999998,2.7250004999999997,2.05,2.05,1.7832167832167831,VDNDV
20200111,1920,Brest,95.03485502424745,1.045,20,5.081000000000001,1.2300001,0.7000002,3.3333333324965984e-07,5.000000000165983e-07,1.7000004999999998,3.4,3.4,1.32,DVDND
20191221,1920,Brest,95.03222919590722,0.9210526315789473,19,5.169473684210527,1.4800001,0.7000002,1.166667,5.000000000165983e-07,5.000000000165983e-07,0.0,6.0,1.1274685816876122,NDVDN
20191214,1920,Brest,95.03891755173917,0.9722222222222222,18,5.123333333333334,1.4800001,0.7000002,1.166667,1.7500004999999998,5.000000000165983e-07,0.0,2.7,1.4789915966386555,DNDVD
20191206,1920,Brest,95.00850079519262,1.0294117647058822,17,5.265882352941177,1.4800001,0.7000002,1.166667,1.7500004999999998,1.7500004999999998,0.0,9.5,1.0572831423895255,DDNDV
20191203,1920,Brest,95.00028761771985,1.09375,16,5.001250000000001,1.1300001,0.46000019999999997,3.3333333324965984e-07,5.000000000165983e-07,1.7500004999999998,3.5,3.5,1.3211009174311927,VDDND
20191129,1920,Brest,94.93972956419772,0.9333333333333333,15,5.101333333333334,1.1300001,1.7600002,3.3333333324965984e-07,5.000000000165983e-07,5.000000000165983e-07,0.0,8.5,1.0443686006825939,VVDDN
20191123,1920,Brest,95.07763035156658,1.0,14,4.858571428571429,1.1300001,2.2600002,0.7666669999999999,5.000000000165983e-07,5.000000000165983e-07,0.0,2.9,1.4140350877192984,VVVDD
20191109,1920,Brest,95.0793788119946,1.0769230769230769,13,5.009230769230769,1.4000001,2.2600002,2.9333336666666665,1.1500005,5.000000000165983e-07,0.0,13.0,1.0344827586206897,DVVVD
20191102,1920,Brest,95.01740239440284,1.1666666666666667,12,4.343333333333333,1.4000001,2.2600002,3.766667,4.4000005,1.1500005,0.0,5.0,1.1639097744360902,NDVVV
20191026,1920,Brest,95.07232338210842,1.2727272727272727,11,4.283636363636363,1.1700001,1.8000002,3.0000003333333334,4.5000005,4.4000005,2.3,2.3,1.6246153846153848,NNDVV
20191019,1920,Brest,95.05858355254193,1.17,10,4.482,0.0,0.5000002,0.8333336666666666,1.2500005,4.5000005,6.5,6.5,1.1124760076775433,NNNDV
20191005,1920,Brest,95.06619943682054,0.5777777777777777,9,4.257777777777778,0.0,1.999999999497959e-07,3.3333333324965984e-07,5.000000000165983e-07,1.2500005,2.5,2.5,1.532520325203252,DNNND
20190928,1920,Brest,95.07321428577794,0.3375,8,4.4775,0.0,0.5400002,3.3333333324965984e-07,5.000000000165983e-07,5.000000000165983e-07,0.0,7.5,1.090909090909091,VDNNN
20190925,1920,Brest,95.04965986401832,0.38571428571428573,7,4.045714285714285,0.0,0.5400002,3.3333333324965984e-07,5.000000000165983e-07,5.000000000165983e-07,0.0,4.75,1.1840579710144927,NVDNN
20190921,1920,Brest,95.09467278025649,0.45,6,3.9283333333333332,0.0,0.5400002,0.9000003333333334,5.000000000165983e-07,5.000000000165983e-07,0.0,5.0,1.1769230769230767,NNVDN
20190914,1920,Brest,95.06005814577229,0.54,5,3.714,0.0,0.0,0.9000003333333334,1.3500005000000002,5.000000000165983e-07,0.0,3.3,1.337837837837838,
20190831,1920,Brest,95.02699575913844,0.675,4,3.8175,0.0,0.0,0.9000003333333334,1.3500005000000002,1.3500005000000002,0.0,4.2,1.2380952380952381,
20190824,1920,Brest,94.8287555831128,0.9,3,3.69,0.0,0.0,0.0,5.000000000165983e-07,1.3500005000000002,2.7,2.7,1.466780238500852,
20190818,1920,Brest,94.72074897628823,0.0,2,4.1850000000000005,0.0,0.0,0.0,0.0,5.000000000165983e-07,0.0,6.0,1.1263992537313432,
20190810,1920,Brest,94.60544847289849,0.0,1,2.37,0.0,0.0,0.0,0.0,0.0,0.0,2.37,1.5746031746031748,
20200307,1920,Angers,95.11604768527867,0.9417857142857143,28,3.230357142857143,0.9250001,1.0500002,1.7500003333333332,2.6250005,2.5500004999999994,2.3,2.3,1.6153846153846154,DDDVV
20200229,1920,Angers,95.12434778509726,0.8914814814814814,27,3.264814814814815,0.6450001,0.49000020000000005,0.8166670000000001,1.2250005000000002,2.6250005,2.8,2.8,1.4344827586206896,DDDDV
20200222,1920,Angers,95.13476807700717,0.818076923076923,26,3.282692307692308,0.40000009999999997,1.999999999497959e-07,3.3333333324965984e-07,5.000000000165983e-07,1.2250005000000002,2.45,2.45,1.5746031746031748,NDDDD
20200215,1920,Angers,95.10596436112077,0.7528,25,3.3160000000000003,0.40000009999999997,1.999999999497959e-07,3.3333333324965984e-07,5.000000000165983e-07,5.000000000165983e-07,0.0,2.7,1.4789915966386555,NNDDD
20200207,1920,Angers,95.08721277562454,0.7841666666666667,24,3.341666666666667,0.5700001,0.8000001999999999,3.3333333324965984e-07,5.000000000165983e-07,5.000000000165983e-07,0.0,2.87,1.4140350877192984,VNNDD
20200204,1920,Angers,95.10272929032706,0.8182608695652174,23,3.362173913043479,0.5700001,0.8000001999999999,3.3333333324965984e-07,5.000000000165983e-07,5.000000000165983e-07,0.0,4.0,1.2452830188679247,NVNND
20200201,1920,Angers,95.10903385911564,0.8554545454545455,22,3.333181818181819,0.7750001,0.8000001999999999,1.3333336666666666,5.000000000165983e-07,5.000000000165983e-07,0.0,2.15,1.7154929577464786,DNVNN
20200125,1920,Angers,95.09440275146906,0.8961904761904762,21,3.38952380952381,0.7750001,0.8000001999999999,1.3333336666666666,2.0000005,5.000000000165983e-07,0.0,4.5,1.1931818181818183,DDNVN
20200111,1920,Angers,95.13355402676706,0.941,20,3.3340000000000005,0.7750001,0.8000001999999999,1.3333336666666666,2.0000005,2.0000005,0.0,1.9,1.9355044699872288,DDDNV
20191221,1920,Angers,95.0942992222986,0.9905263157894737,19,3.409473684210526,0.37500009999999995,0.3400002,3.3333333324965984e-07,5.000000000165983e-07,2.0000005,4.0,4.0,1.251923076923077,VDDDN
20191214,1920,Angers,95.08011091472095,0.8233333333333334,18,3.376666666666667,0.37500009999999995,0.3400002,3.3333333324965984e-07,5.000000000165983e-07,5.000000000165983e-07,0.0,3.1,1.3695652173913044,NVDDD
20191207,1920,Angers,95.08539553479036,0.8717647058823529,17,3.3929411764705883,0.6500001,0.7500001999999999,0.566667,5.000000000165983e-07,5.000000000165983e-07,0.0,3.75,1.2833333333333332,VNVDD
20191203,1920,Angers,95.05244633187371,0.92625,16,3.370625,0.8650000999999999,0.7500001999999999,0.566667,0.8500005,5.000000000165983e-07,0.0,2.9,1.4130434782608694,NVNVD
20191130,1920,Angers,95.05527071098786,0.988,15,3.402,0.8650000999999999,0.7500001999999999,1.2500003333333332,0.8500005,0.8500005,0.0,3.1,1.3783783783783783,DNVNV
20191123,1920,Angers,95.02969021129422,1.0585714285714285,14,3.4235714285714285,0.8650000999999999,0.4100001999999999,0.6833336666666666,1.0250005,0.8500005,1.7,1.7,2.1758241758241756,DDNVN
20191109,1920,Angers,94.9984960688597,1.0092307692307692,13,3.5561538461538458,1.0750001,0.4100001999999999,0.6833336666666666,1.0250005,1.0250005,0.0,3.75,1.2857142857142858,NDDNV
20191102,1920,Angers,94.93631400367603,1.0933333333333333,12,3.5399999999999996,0.8700000999999999,0.5500001999999999,3.3333333324965984e-07,5.000000000165983e-07,1.0250005,2.05,2.05,1.7835616438356166,VNDDN
20191026,1920,Angers,94.89633397344188,1.0063636363636363,11,3.6754545454545453,1.1070001,0.9800002,3.3333333324965984e-07,5.000000000165983e-07,5.000000000165983e-07,0.0,3.5,1.3037383177570094,VVNDD
20191019,1920,Angers,94.88694013343198,1.107,10,3.693,0.0,0.9800002,0.9166669999999999,5.000000000165983e-07,5.000000000165983e-07,0.0,1.61,2.3168316831683167,DVVND
20191005,1920,Angers,94.87548452669837,1.23,9,3.9244444444444446,0.0,1.3200002,1.6333336666666667,1.3750004999999998,5.000000000165983e-07,0.0,12.0,1.0344827586206897,VDVVN
20190928,1920,Angers,94.83015818777378,1.38375,8,2.915,0.0,1.7400001999999999,1.6333336666666667,2.4500005,1.3750004999999998,0.0,1.75,2.101123595505618,VVDVV
20190925,1920,Angers,94.73764457679512,1.5814285714285714,7,3.0814285714285714,0.0,1.1900001999999998,1.2833336666666666,1.0750004999999998,2.4500005,2.75,2.75,1.4572649572649572,DVVDV
20190922,1920,Angers,94.65201923158685,1.3866666666666667,6,3.1366666666666667,0.0,1.2340001999999999,1.2666670000000002,0.8500005,1.0750004999999998,2.15,2.15,1.6985294117647058,VDVVD
20190913,1920,Angers,94.60458585971546,1.234,5,3.3340000000000005,0.0,0.0,1.266667,1.9000005,0.8500005,0.0,4.5,1.211650485436893,
20190831,1920,Angers,94.39035751587328,1.5425,4,3.0425,0.0,0.0,1.4900003333333331,1.0500005000000001,1.9000005,1.7,1.7,2.093023255813953,
20190824,1920,Angers,94.58464999663954,1.49,3,3.49,0.0,0.0,0.0,1.1850005000000001,1.0500005000000001,2.1,2.1,1.7410714285714286,
20190816,1920,Angers,94.28283273554509,1.185,2,4.1850000000000005,0.0,0.0,0.0,0.0,1.1850005000000001,0.0,6.0,1.114065180102916,
20190810,1920,Angers,94.60544847289849,2.37,1,2.37,0.0,0.0,0.0,0.0,0.0,2.37,2.37,1.5746031746031748,
20200308,1920,Lille,94.87893928394583,1.1403571428571428,28,2.6810714285714288,1.3310001,1.7120001999999999,1.286667,1.9300004999999998,2.3250005,2.15,2.15,1.7080291970802919,VVDVV
20200301,1920,Lille,94.86760592668467,1.102962962962963,27,2.700740740740741,1.2170001,1.8120002,1.3200003333333332,0.6800005,1.9300004999999998,2.5,2.5,1.55,VVVDV
20200222,1920,Lille,94.83639798749257,1.0492307692307692,26,2.7084615384615387,1.4710001,1.5400002,1.5666669999999998,1.3000005,0.6800005,1.36,1.36,3.099290780141844,DVVVD
20200216,1920,Lille,94.84895181398382,1.0368,25,2.7624,1.6160001,1.5400002,2.566667,2.3500004999999997,1.3000005,0.0,2.15,1.6941176470588235,DDVVV
20200207,1920,Lille,94.8530190168937,1.08,24,2.7879166666666664,1.3560001,1.0200002,1.7000003333333333,2.5500005,2.3500004999999997,2.6,2.6,1.4902847571189282,DDDVV
20200204,1920,Lille,94.8583531942601,1.0139130434782608,23,2.7960869565217394,1.1460001,0.9500002,1.0000003333333332,1.5000004999999998,2.5500005,2.1,2.1,1.7553191489361701,VDDDV
20200201,1920,Lille,94.8240700312057,0.9645454545454546,22,2.8277272727272726,0.8460000999999999,0.6220002,3.3333333324965984e-07,5.000000000165983e-07,1.5000004999999998,3.0,3.0,1.392857142857143,VVDDD
20200126,1920,Lille,94.8098852127149,0.8676190476190476,21,2.8195238095238095,1.0290001,1.4020002,0.5833336666666666,5.000000000165983e-07,5.000000000165983e-07,0.0,6.5,1.1050080775444266,VVVDD
20200112,1920,Lille,94.82812774738144,0.911,20,2.6355,1.0290001,1.6920001999999998,1.036667,0.8750005000000001,5.000000000165983e-07,0.0,2.0,1.8164383561643833,VVVVD
20191221,1920,Lille,94.80906937099206,0.9589473684210527,19,2.6689473684210525,1.0290001,1.6920001999999998,2.336667,1.5550004999999998,0.8750005000000001,0.0,3.4,1.3171171171171172,DVVVV
20191213,1920,Lille,94.80206961743245,1.0122222222222221,18,2.6283333333333334,0.8540000999999999,1.3420002,2.2366669999999997,2.6300005,1.5550004999999998,1.75,1.75,2.1,NDVVV
20191206,1920,Lille,94.76368868583756,0.9688235294117648,17,2.68,0.9010001,1.0700002,1.7833336666666666,2.6750005,2.6300005,1.36,1.36,3.166666666666667,DNDVV
20191203,1920,Lille,94.7401747515301,0.944375,16,2.7625,0.5110001,0.6560001999999999,0.48333366666666666,0.7250005,2.6750005,3.9,3.9,1.2436363636363637,VDNDV
20191130,1920,Lille,94.76986614712521,0.7473333333333333,15,2.686666666666667,0.5610001,0.36600019999999994,3.3333333324965984e-07,5.000000000165983e-07,0.7250005,1.45,1.45,2.625,DVDND
20191122,1920,Lille,94.867363159387,0.6971428571428572,14,2.775,0.5610001,0.36600019999999994,0.6100003333333334,5.000000000165983e-07,5.000000000165983e-07,0.0,9.5,1.0469416785206258,NDVDN
20191109,1920,Lille,94.91087523961727,0.7507692307692307,13,2.2576923076923077,0.7810001,0.36600019999999994,0.6100003333333334,0.9150005,5.000000000165983e-07,0.0,1.57,2.3773584905660377,NNDVD
20191102,1920,Lille,94.94047237840937,0.8133333333333334,12,2.315,0.7810001,0.7320002,0.6100003333333334,0.9150005,0.9150005,0.0,3.5,1.3037037037037036,VNNDV
20191026,1920,Lille,94.93611215375086,0.8872727272727273,11,2.2072727272727275,0.7930001,0.36600019999999994,3.3333333324965984e-07,5.000000000165983e-07,0.9150005,1.83,1.83,1.9656998738965954,NVNND
20191019,1920,Lille,94.95260218267681,0.793,10,2.245,0.0,0.7560001999999999,0.6100003333333334,5.000000000165983e-07,5.000000000165983e-07,0.0,2.1,1.7217391304347824,VNVNN
20191006,1920,Lille,94.99094592159388,0.8811111111111111,9,2.261111111111111,0.0,0.7560001999999999,0.6100003333333334,0.9150005,5.000000000165983e-07,0.0,1.6,2.3168316831683167,DVNVN
20190928,1920,Lille,95.03468271588815,0.99125,8,2.34375,0.0,1.1960001999999998,1.2600003333333332,0.9150005,0.9150005,0.0,2.55,1.521311475409836,VDVNV
20190925,1920,Lille,94.99894021681762,1.1328571428571428,7,2.314285714285714,0.0,0.8300002000000001,0.6500003333333333,0.9750005,0.9150005,1.83,1.83,1.9815950920245398,DVDVN
20190922,1920,Lille,94.9755725912071,1.0166666666666666,6,2.395,0.0,1.2200001999999999,1.3833336666666667,0.9750005,0.9750005,0.0,3.1,1.3684684684684685,VDVDV
20190913,1920,Lille,94.98318710944851,1.22,5,2.254,0.0,0.0,0.7333336666666668,1.1000005,0.9750005,1.95,1.95,1.87012987012987,
20190901,1920,Lille,94.8636090780396,1.0375,4,2.33,0.0,0.0,1.3833336666666667,1.1000005,1.1000005,0.0,2.8,1.435,
20190828,1920,Lille,94.85946775143572,1.3833333333333333,3,2.1733333333333333,0.0,0.0,0.0,0.9750005,1.1000005,2.2,2.2,1.6484848484848482,
20190817,1920,Lille,95.17109139093311,0.975,2,2.16,0.0,0.0,0.0,0.0,0.9750005,0.0,2.37,1.5984375,
20190811,1920,Lille,94.88151658767771,1.95,1,1.95,0.0,0.0,0.0,0.0,0.0,1.95,1.95,1.848,
20200307,1920,Nantes,94.84837113052153,1.1535714285714285,28,3.6639285714285714,1.0400000999999999,1.0000002,1.666667,2.5000005,5.000000000165983e-07,0.0,3.5,1.3018867924528301,DNNVD
20200301,1920,Nantes,94.84675728386763,1.1962962962962962,27,3.67,1.2200001,1.0000002,1.666667,2.5000005,2.5000005,0.0,3.1,1.3839285714285714,DDNNV
20200222,1920,Nantes,94.81474747379796,1.2423076923076923,26,3.6919230769230773,0.7200000999999999,1.999999999497959e-07,3.3333333324965984e-07,5.000000000165983e-07,2.5000005,5.0,5.0,1.179159049360146,DDDNN
20200215,1920,Nantes,94.7907693254126,1.092,25,3.6396,0.9000001,0.6200002,3.3333333324965984e-07,5.000000000165983e-07,5.000000000165983e-07,0.0,1.9,1.8789473684210527,VDDDN
20200208,1920,Nantes,94.8041033769241,1.1375,24,3.7120833333333336,0.9000001,0.6200002,3.3333333324965984e-07,5.000000000165983e-07,5.000000000165983e-07,0.0,2.87,1.4288793103448274,DVDDD
20200204,1920,Nantes,94.77844488454923,1.1869565217391305,23,3.748695652173913,0.9000001,1.0800002,1.0333336666666666,5.000000000165983e-07,5.000000000165983e-07,0.0,9.0,1.0514705882352942,VDVDD
20200131,1920,Nantes,94.80711197762561,1.240909090909091,22,3.51,0.9000001,1.4400001999999998,1.0333336666666666,1.5500005,5.000000000165983e-07,0.0,4.75,1.1818181818181817,VVDVD
20200126,1920,Nantes,94.81525943724252,1.3,21,3.4509523809523808,0.9000001,1.4400001999999998,1.8000003333333332,1.5500005,1.5500005,0.0,1.9,1.87012987012987,DVVDV
20200112,1920,Nantes,94.84365589170883,1.365,20,3.5284999999999997,0.5900001,1.1800002,1.3666669999999999,1.1500005,1.5500005,3.1,3.1,1.3636363636363635,VDVVD
20191221,1920,Nantes,94.85097018507672,1.2736842105263158,19,3.5510526315789472,0.7950001,1.1800002,1.3666669999999999,2.0500005,1.1500005,0.0,2.1,1.7464788732394367,NVDVV
20191214,1920,Nantes,94.82326359765341,1.3444444444444446,18,3.631666666666667,1.2650001,0.7200002,1.2000003333333333,0.9000005,2.0500005,2.3,2.3,1.6215384615384616,DNVDV
20191208,1920,Nantes,94.80675190703468,1.2882352941176471,17,3.71,1.3150001,0.36000019999999994,0.6000003333333334,0.9000005,0.9000005,1.8,1.8,2.0095915841584158,DDNVD
20191204,1920,Nantes,94.79770433346448,1.25625,16,3.829375,1.3150001,0.36000019999999994,0.6000003333333334,0.9000005,0.9000005,0.0,17.0,1.0046189376443417,DDDNV
20191201,1920,Nantes,94.79379551683792,1.34,15,2.9513333333333334,1.3400001,1.999999999497959e-07,3.3333333324965984e-07,5.000000000165983e-07,0.9000005,1.8,1.8,2.015151515151515,DDDDN
20191123,1920,Nantes,94.77367686006377,1.3071428571428572,14,3.033571428571429,1.5500000999999999,0.4100001999999999,3.3333333324965984e-07,5.000000000165983e-07,5.000000000165983e-07,0.0,2.6,1.4983333333333335,VDDDD
20191110,1920,Nantes,94.75204428268388,1.4076923076923078,13,3.0669230769230773,1.8300001,1.8100002,3.3333333324965984e-07,5.000000000165983e-07,5.000000000165983e-07,0.0,2.05,1.7661971830985916,VVDDD
20191103,1920,Nantes,94.74160767026866,1.525,12,3.1516666666666673,1.8300001,2.2700002,0.6833336666666666,5.000000000165983e-07,5.000000000165983e-07,0.0,3.75,1.2857142857142858,VVVDD
20191025,1920,Nantes,94.6504191992873,1.6636363636363636,11,3.097272727272728,1.8300001,2.2700002,3.016667,1.0250005,5.000000000165983e-07,0.0,3.0,1.3894736842105262,DVVVD
20191019,1920,Nantes,94.61905824151818,1.83,10,3.107,0.0,2.6800002,3.7833336666666666,4.5250005,1.0250005,0.0,2.87,1.4210526315789473,VDVVV
20191005,1920,Nantes,94.57175706871332,2.033333333333333,9,3.1333333333333337,0.0,2.6900002,3.1000003333333335,4.6500005,4.5250005,2.05,2.05,1.7661971830985916,VVDVV
20190928,1920,Nantes,94.53356624834419,2.03125,8,3.2687500000000003,0.0,1.8500001999999998,1.4500003333333333,1.1500005,4.6500005,7.0,7.0,1.1009345794392522,VVVDV
20190925,1920,Nantes,94.44814453696979,1.3214285714285714,7,2.735714285714286,0.0,1.3900002,1.3833336666666667,1.0250005,1.1500005,2.3,2.3,1.6215384615384616,NVVVD
20190920,1920,Nantes,94.33884157010279,1.1583333333333334,6,2.8083333333333336,0.0,1.3900002,2.316667,2.0750005,1.0250005,0.0,3.1,1.3486238532110093,DNVVV
20190915,1920,Nantes,94.41098191959459,1.39,5,2.75,0.0,0.0,1.6333336666666667,2.4500005,2.0750005,2.05,2.05,1.7464788732394367,
20190831,1920,Nantes,94.43739647758636,1.225,4,2.9250000000000003,0.0,0.0,0.9333336666666666,1.4000005,2.4500005,2.1,2.1,1.697080291970803,
20190824,1920,Nantes,94.63048480748539,0.9333333333333333,3,3.2000000000000006,0.0,0.0,0.0,5.000000000165983e-07,1.4000005,2.8,2.8,1.4140350877192984,
20190817,1920,Nantes,94.96820847684008,0.0,2,3.4000000000000004,0.0,0.0,0.0,0.0,5.000000000165983e-07,0.0,2.6,1.4983333333333335,
20190811,1920,Nantes,94.88151658767771,0.0,1,4.2,0.0,0.0,0.0,0.0,0.0,0.0,4.2,1.2257142857142855,
20200307,1920,Nice,95.07190743360191,1.122142857142857,28,3.3678571428571433,0.8020001,0.5600002,0.9333336666666666,5.000000000165983e-07,1.7000004999999998,3.4,3.4,1.3263157894736843,NDVNN
20200301,1920,Nice,95.0593104227702,1.0377777777777777,27,3.3666666666666667,0.9770000999999999,1.2600002,0.9333336666666666,1.4000005,5.000000000165983e-07,0.0,4.2,1.2314814814814816,VNDVN
20200221,1920,Nice,95.05287119632818,1.0776923076923077,26,3.3346153846153848,0.9770000999999999,1.2600002,0.9333336666666666,1.4000005,1.4000005,0.0,1.9,1.875,NVNDV
20200215,1920,Nice,95.08015160709522,1.1208,25,3.392,0.9520001,0.7000002,1.166667,5.000000000165983e-07,1.4000005,2.8,2.8,1.440677966101695,NNVND
20200208,1920,Nice,95.0783287207535,1.0508333333333333,24,3.4166666666666665,0.9520001,1.0440002,1.166667,1.7500004999999998,5.000000000165983e-07,0.0,1.95,1.8666666666666667,VNNVN
20200205,1920,Nice,95.06559609820795,1.0965217391304347,23,3.480434782608695,0.9520001,1.0440002,1.166667,1.7500004999999998,1.7500004999999998,0.0,3.6,1.2867924528301886,NVNNV
20200202,1920,Nice,95.0778792483371,1.1463636363636365,22,3.4749999999999996,0.8720001,0.6940002,0.5733336666666666,5.000000000165983e-07,1.7500004999999998,3.5,3.5,1.3125,VNVNN
20200124,1920,Nice,95.05994276232718,1.0342857142857143,21,3.4738095238095235,0.8720001,0.6940002,0.5733336666666666,0.8600005000000001,5.000000000165983e-07,0.0,2.6,1.471186440677966,DVNVN
20200111,1920,Nice,95.11518802700473,1.086,20,3.5174999999999996,0.8720001,1.2040001999999999,1.156667,0.8600005000000001,0.8600005000000001,0.0,4.33,1.2314814814814816,VDVNV
20191221,1920,Nice,95.07496659096985,1.1431578947368422,19,3.474736842105263,0.7000001,0.8600002,0.5833336666666666,0.8750005000000001,0.8600005000000001,1.72,1.72,2.135593220338983,DVDVN
20191214,1920,Nice,95.06413618832488,1.1111111111111112,18,3.572222222222222,0.7000001,0.8600002,1.4333336666666665,0.8750005000000001,0.8750005000000001,0.0,2.75,1.464406779661017,NDVDV
20191207,1920,Nice,95.03520288098926,1.1764705882352942,17,3.6205882352941177,0.5250001,1.0500002,0.8500003333333332,1.2750005,0.8750005000000001,1.75,1.75,2.058823529411765,VNDVD
20191204,1920,Nice,95.06274089888893,1.140625,16,3.7375,0.6950001,1.0500002,0.8500003333333332,1.2750005,1.2750005,0.0,3.2,1.3553571428571427,DVNDV
20191130,1920,Nice,95.05294218029664,1.2166666666666666,15,3.7733333333333334,0.44000009999999995,0.5400002,0.9000003333333334,5.000000000165983e-07,1.2750005,2.55,2.55,1.5245901639344264,DDVND
20191123,1920,Nice,95.0271953569822,1.1214285714285714,14,3.860714285714286,0.9900000999999999,0.5400002,0.9000003333333334,1.3500005000000002,5.000000000165983e-07,0.0,7.0,1.090909090909091,DDDVN
20191108,1920,Nice,95.07682404044928,1.2076923076923076,13,3.6192307692307697,0.9900000999999999,0.5400002,0.9000003333333334,1.3500005000000002,1.3500005000000002,0.0,2.4,1.5984375,NDDDV
20191103,1920,Nice,95.00458204225693,1.3083333333333333,12,3.7208333333333337,1.0800001,1.999999999497959e-07,3.3333333324965984e-07,5.000000000165983e-07,1.3500005000000002,2.7,2.7,1.471186440677966,DNDDD
20191026,1920,Nice,94.98412754873969,1.1818181818181819,11,3.813636363636364,1.3000000999999999,0.3400002,3.3333333324965984e-07,5.000000000165983e-07,5.000000000165983e-07,0.0,4.2,1.2307692307692308,VDNDD
20191018,1920,Nice,94.96412670587993,1.3,10,3.775,0.0,0.3400002,3.3333333324965984e-07,5.000000000165983e-07,5.000000000165983e-07,0.0,7.5,1.090909090909091,DVDND
20191005,1920,Nice,94.93368575785601,1.4444444444444444,9,3.361111111111111,0.0,1.4400001999999998,0.566667,5.000000000165983e-07,5.000000000165983e-07,0.0,3.8,1.264485981308411,VDVDN
20190928,1920,Nice,94.94073602362971,1.625,8,3.30625,0.0,1.4400001999999998,0.566667,0.8500005,5.000000000165983e-07,0.0,2.9,1.4191304347826086,DVDVD
20190924,1920,Nice,94.89157256852222,1.8571428571428572,7,3.3642857142857143,0.0,2.1600002,2.4000003333333333,0.8500005,0.8500005,0.0,3.8,1.2727272727272727,VDVDV
20190921,1920,Nice,94.81675103125683,2.1666666666666665,6,3.2916666666666665,0.0,2.2600002,1.8333336666666666,2.7500005,0.8500005,1.7,1.7,2.1366120218579234,VVDVD
20190914,1920,Nice,94.84547654017163,2.26,5,3.6100000000000003,0.0,0.0,3.0333336666666666,2.7500005,2.7500005,0.0,3.75,1.2727272727272727,
20190901,1920,Nice,94.80118956661725,2.825,4,3.575,0.0,0.0,1.9333336666666665,1.8000005,2.7500005,5.5,5.5,1.1532567049808429,
20190828,1920,Nice,94.6231044687059,1.9333333333333333,3,2.9333333333333336,0.0,0.0,0.0,2.9000005,1.8000005,0.0,3.0,1.3714285714285712,
20190817,1920,Nice,94.87583317364711,2.9,2,2.9000000000000004,0.0,0.0,0.0,0.0,2.9000005,3.6,3.6,1.2833333333333332,
20190810,1920,Nice,95.14415781487102,2.2,1,2.2,0.0,0.0,0.0,0.0,0.0,2.2,2.2,1.6764705882352942,
20200306,1920,Amiens,94.93294716616528,0.43642857142857144,28,5.04,9.999999997489795e-08,1.999999999497959e-07,3.3333333324965984e-07,5.000000000165983e-07,5.000000000165983e-07,0.0,6.0,1.1274685816876122,NDNND
20200229,1920,Amiens,94.93372895784059,0.4525925925925926,27,5.004444444444444,9.999999997489795e-08,1.999999999497959e-07,3.3333333324965984e-07,5.000000000165983e-07,5.000000000165983e-07,0.0,2.05,1.7777777777777777,NNDNN
20200222,1920,Amiens,94.92308584362557,0.47,26,5.118076923076923,9.999999997489795e-08,1.999999999497959e-07,3.3333333324965984e-07,5.000000000165983e-07,5.000000000165983e-07,0.0,5.5,1.1442307692307692,DNNDN
20200215,1920,Amiens,94.93129726579316,0.4888,25,5.1028,9.999999997489795e-08,1.999999999497959e-07,3.3333333324965984e-07,5.000000000165983e-07,5.000000000165983e-07,0.0,9.0,1.0602836879432624,NDNND
20200208,1920,Amiens,94.9345297053281,0.5091666666666667,24,4.940416666666667,9.999999997489795e-08,1.999999999497959e-07,3.3333333324965984e-07,5.000000000165983e-07,5.000000000165983e-07,0.0,3.75,1.2727272727272727,DNDNN
20200205,1920,Amiens,94.93069949971672,0.5313043478260869,23,4.992173913043478,9.999999997489795e-08,1.999999999497959e-07,3.3333333324965984e-07,5.000000000165983e-07,5.000000000165983e-07,0.0,9.0,1.0611702127659575,DDNDN
20200201,1920,Amiens,94.93097388761748,0.5554545454545454,22,4.81,0.17200009999999996,1.999999999497959e-07,3.3333333324965984e-07,5.000000000165983e-07,5.000000000165983e-07,0.0,2.05,1.7661971830985916,NDDND
20200125,1920,Amiens,94.93353056647231,0.5819047619047619,21,4.941428571428571,0.17200009999999996,1.999999999497959e-07,3.3333333324965984e-07,5.000000000165983e-07,5.000000000165983e-07,0.0,3.75,1.2788990825688074,DNDDN
20200115,1920,Amiens,94.91189550125401,0.611,20,5.0009999999999994,0.17200009999999996,1.999999999497959e-07,3.3333333324965984e-07,5.000000000165983e-07,5.000000000165983e-07,0.0,2.7,1.4482758620689655,DDNDD
20200111,1920,Amiens,94.94597741436635,0.6431578947368422,19,5.122105263157894,0.4920001,1.999999999497959e-07,3.3333333324965984e-07,5.000000000165983e-07,5.000000000165983e-07,0.0,3.5,1.3037383177570094,DDDND
20191221,1920,Amiens,94.9435165833011,0.6788888888888889,18,5.212222222222222,0.4920001,1.999999999497959e-07,3.3333333324965984e-07,5.000000000165983e-07,5.000000000165983e-07,0.0,29.0,0.9834437086092717,DDDDN
20191214,1920,Amiens,94.93321056232986,0.7188235294117648,17,3.812941176470588,0.4920001,0.3440001999999999,3.3333333324965984e-07,5.000000000165983e-07,5.000000000165983e-07,0.0,2.05,1.7944444444444445,VDDDD
20191207,1920,Amiens,94.88613521091479,0.76375,16,3.9231249999999998,0.8920001,0.3440001999999999,3.3333333324965984e-07,5.000000000165983e-07,5.000000000165983e-07,0.0,7.0,1.090909090909091,NVDDD
20191130,1920,Amiens,94.91974272684843,0.8146666666666667,15,3.7179999999999995,0.8920001,0.3440001999999999,0.5733336666666666,5.000000000165983e-07,5.000000000165983e-07,0.0,5.25,1.1553398058252426,NNVDD
20191123,1920,Amiens,94.93579862075178,0.8728571428571429,14,3.608571428571428,0.8920001,0.9840002000000001,0.5733336666666666,0.8600005000000001,5.000000000165983e-07,0.0,2.4,1.55,VNNVD
20191110,1920,Amiens,94.9941511923578,0.94,13,3.7015384615384614,0.8920001,0.9840002000000001,0.5733336666666666,0.8600005000000001,0.8600005000000001,0.0,4.0,1.2380952380952381,NVNNV
20191102,1920,Amiens,95.03154257959976,1.0183333333333333,12,3.6766666666666663,1.0500000999999999,0.6400002,1.066667,5.000000000165983e-07,0.8600005000000001,1.72,1.72,2.093023255813953,DNVNN
20191027,1920,Amiens,95.08774903868688,0.9545454545454546,11,3.8545454545454545,1.0500000999999999,1.4400001999999998,1.066667,1.6000005000000002,5.000000000165983e-07,0.0,4.5,1.201688555347092,VDNVN
20191019,1920,Amiens,95.11231861185468,1.05,10,3.79,0.0,1.4400001999999998,1.066667,1.6000005000000002,1.6000005000000002,0.0,3.8,1.2757009345794392,NVDNV
20191004,1920,Amiens,95.06843478405506,1.1666666666666667,9,3.788888888888889,0.0,0.8000001999999999,1.3333336666666666,5.000000000165983e-07,1.6000005000000002,3.2,3.2,1.3468468468468466,DNVDN
20190928,1920,Amiens,95.10336618773857,0.9125,8,3.8625,0.0,0.8000001999999999,1.3333336666666666,2.0000005,5.000000000165983e-07,0.0,5.5,1.1553398058252426,DDNVD
20190925,1920,Amiens,95.04988229104059,1.042857142857143,7,3.6285714285714286,0.0,1.4600001999999999,1.3333336666666666,2.0000005,2.0000005,0.0,2.5,1.5483870967741937,VDDNV
20190921,1920,Amiens,94.95527435946768,1.2166666666666666,6,3.8166666666666664,0.0,0.6600001999999999,3.3333333324965984e-07,5.000000000165983e-07,2.0000005,4.0,4.0,1.251923076923077,DVDDN
20190913,1920,Amiens,94.87639147962193,0.66,5,3.78,0.0,0.0,1.1000003333333332,5.000000000165983e-07,5.000000000165983e-07,0.0,5.0,1.179159049360146,
20190831,1920,Amiens,94.74193905366943,0.825,4,3.4749999999999996,0.0,0.0,1.1000003333333332,1.6500005,5.000000000165983e-07,0.0,4.2,1.2178217821782178,
20190824,1920,Amiens,94.85328715927852,1.1,3,3.233333333333333,0.0,0.0,0.0,1.6500005,1.6500005,0.0,2.6,1.471186440677966,
20190817,1920,Amiens,95.30241200452977,1.65,2,3.55,0.0,0.0,0.0,0.0,1.6500005,3.3,3.3,1.3431444241316273,
20190810,1920,Amiens,95.14415781487102,0.0,1,3.8,0.0,0.0,0.0,0.0,0.0,0.0,3.8,1.2692307692307694,
20200307,1920,Metz,95.14147390997802,0.9757142857142858,28,3.9864285714285717,1.4470001,0.8000001999999999,1.3333336666666666,2.0000005,3.2000005,2.4,2.4,1.5746031746031748,NDNDV
20200229,1920,Metz,95.14375545462636,0.922962962962963,27,4.045185185185185,1.0470001,0.5240001999999999,3.3333333324965984e-07,5.000000000165983e-07,2.0000005,4.0,4.0,1.2495238095238095,VNDND
20200221,1920,Metz,95.14119028259542,0.8046153846153846,26,4.046923076923077,1.0470001,1.4740001999999999,3.3333333324965984e-07,5.000000000165983e-07,5.000000000165983e-07,0.0,4.2,1.2102803738317758,VVNDN
20200215,1920,Metz,95.1886758624603,0.8368,25,4.0408,1.0470001,2.0940002,0.8733336666666666,5.000000000165983e-07,5.000000000165983e-07,0.0,4.2,1.218867924528302,VVVND
20200208,1920,Metz,95.21858935301545,0.8716666666666667,24,4.034166666666667,1.0470001,2.0940002,2.456667,1.3100005,5.000000000165983e-07,0.0,2.5,1.5483870967741937,NVVVN
20200205,1920,Metz,95.20124411269099,0.9095652173913044,23,4.100869565217391,1.0470001,2.0940002,3.490000333333333,3.6850004999999997,1.3100005,0.0,5.75,1.1435643564356437,NNVVV
20200202,1920,Metz,95.19284628102531,0.9509090909090909,22,4.02590909090909,0.7850001,1.5700002,2.616667,3.9250005,3.6850004999999997,2.62,2.62,1.5,DNNVV
20200125,1920,Metz,95.18353660323778,0.8714285714285714,21,4.0928571428571425,0.3100001,0.6200002,1.0333336666666666,1.5500005,3.9250005,4.75,4.75,1.192156862745098,DDNNV
20200111,1920,Metz,95.17782315126802,0.6775,20,4.06,0.27000009999999997,1.999999999497959e-07,3.3333333324965984e-07,5.000000000165983e-07,1.5500005,3.1,3.1,1.3839285714285714,NDDNN
20191221,1920,Metz,95.15144477261481,0.55,19,4.110526315789474,0.27000009999999997,1.999999999497959e-07,3.3333333324965984e-07,5.000000000165983e-07,5.000000000165983e-07,0.0,3.8,1.2757009345794392,NNDDN
20191214,1920,Metz,95.13167653431279,0.5805555555555556,18,4.127777777777777,0.27000009999999997,1.999999999497959e-07,3.3333333324965984e-07,5.000000000165983e-07,5.000000000165983e-07,0.0,4.5,1.210909090909091,NNNDD
20191207,1920,Metz,95.11498263754474,0.6147058823529412,17,4.105882352941176,0.7450000999999999,1.999999999497959e-07,3.3333333324965984e-07,5.000000000165983e-07,5.000000000165983e-07,0.0,5.0,1.1666666666666667,NNNND
20191204,1920,Metz,95.14750689022912,0.653125,16,4.05,0.7450000999999999,1.999999999497959e-07,3.3333333324965984e-07,5.000000000165983e-07,5.000000000165983e-07,0.0,3.0,1.392857142857143,DNNNN
20191130,1920,Metz,95.14921060161025,0.6966666666666667,15,4.12,0.7450000999999999,0.5400002,3.3333333324965984e-07,5.000000000165983e-07,5.000000000165983e-07,0.0,4.2,1.2257142857142855,VDNNN
20191123,1920,Metz,95.16833160260543,0.7464285714285714,14,4.114285714285715,0.7450000999999999,0.5400002,3.3333333324965984e-07,5.000000000165983e-07,5.000000000165983e-07,0.0,2.8,1.45,DVDNN
20191109,1920,Metz,95.14055620552078,0.8038461538461539,13,4.2153846153846155,0.7450000999999999,0.5400002,0.9000003333333334,5.000000000165983e-07,5.000000000165983e-07,0.0,7.0,1.093230174081238,NDVDN
20191102,1920,Metz,95.18929342480483,0.8708333333333333,12,3.983333333333334,1.0450001,1.4900001999999999,0.9000003333333334,1.3500005000000002,5.000000000165983e-07,0.0,2.75,1.466780238500852,VNDVD
20191026,1920,Metz,95.14677425042386,0.95,11,4.095454545454546,1.0450001,1.4900001999999999,0.9000003333333334,1.3500005000000002,1.3500005000000002,0.0,7.5,1.090909090909091,DVNDV
20191019,1920,Metz,95.1376421516567,1.045,10,3.7550000000000003,0.0,0.9500002,1.5833336666666666,5.000000000165983e-07,1.3500005000000002,2.7,2.7,1.466780238500852,DDVND
20191005,1920,Metz,95.14796141331169,0.8611111111111112,9,3.8722222222222222,0.0,0.9500002,1.5833336666666666,2.3750005,5.000000000165983e-07,0.0,2.9,1.4130434782608694,DDDVN
20190928,1920,Metz,95.16519650933049,0.96875,8,3.99375,0.0,0.9500002,1.5833336666666666,2.3750005,2.3750005,0.0,2.1,1.7517730496453903,DDDDV
20190925,1920,Metz,95.11632843037039,1.1071428571428572,7,4.264285714285714,0.0,0.6000002,3.3333333324965984e-07,5.000000000165983e-07,2.3750005,4.75,4.75,1.1886792452830188,VDDDD
20190921,1920,Metz,95.12314038348613,0.5,6,4.183333333333334,0.0,0.6000002,3.3333333324965984e-07,5.000000000165983e-07,5.000000000165983e-07,0.0,2.1,1.7464788732394367,NVDDD
20190914,1920,Metz,95.07783070844407,0.6,5,4.6,0.0,0.0,1.0000003333333332,5.000000000165983e-07,5.000000000165983e-07,0.0,4.75,1.1854368932038835,
20190830,1920,Metz,95.13030956818369,0.75,4,4.5625,0.0,0.0,1.0000003333333332,1.5000004999999998,5.000000000165983e-07,0.0,7.5,1.08130081300813,
20190824,1920,Metz,95.3387547755792,1.0,3,3.5833333333333335,0.0,0.0,0.0,1.5000004999999998,1.5000004999999998,0.0,3.75,1.2757009345794392,
20190817,1920,Metz,95.41398990395457,1.5,2,3.5,0.0,0.0,0.0,0.0,1.5000004999999998,3.0,3.0,1.4035087719298245,
20190811,1920,Metz,95.21044992743106,0.0,1,4.0,0.0,0.0,0.0,0.0,0.0,0.0,4.0,1.2495238095238095,
20200307,1920,Nimes,95.1279641325045,0.7471428571428571,28,4.675714285714285,1.6870001,1.8240002,0.9166669999999999,5.000000000165983e-07,5.000000000165983e-07,0.0,3.1,1.3714285714285712,VVVDD
20200228,1920,Nimes,95.1297453150242,0.7748148148148148,27,4.734074074074074,1.6870001,2.7240002,2.2500003333333334,1.3750004999999998,5.000000000165983e-07,0.0,3.4,1.32,VVVVD
20200223,1920,Nimes,95.1314760670362,0.8046153846153846,26,4.785384615384615,1.6870001,2.7240002,3.0400003333333334,3.3750005,1.3750004999999998,0.0,6.0,1.1333333333333333,DVVVV
20200215,1920,Nimes,95.1236509975681,0.8368,25,4.7368,1.4120001,2.1740002,3.6233336666666665,3.1850004999999997,3.3750005,2.75,2.75,1.464406779661017,DDVVV
20200208,1920,Nimes,95.10563635525718,0.7570833333333333,24,4.819583333333333,1.0120001,2.0240002,2.2900003333333334,3.4350004999999997,3.1850004999999997,4.0,4.0,1.2522935779816513,VDDVV
20200205,1920,Nimes,95.09409102116831,0.6160869565217392,23,4.855217391304349,0.7750001,1.5500002,1.5000003333333332,2.2500005,3.4350004999999997,2.37,2.37,1.5866141732283465,DVDDV
20200201,1920,Nimes,95.09665369516334,0.5363636363636364,22,4.968181818181819,0.32500009999999996,0.6500001999999999,1.0833336666666666,5.000000000165983e-07,2.2500005,4.5,4.5,1.2027972027972027,DDVDD
20200125,1920,Nimes,95.10548970511374,0.3476190476190476,21,4.990476190476191,0.32500009999999996,0.6500001999999999,1.0833336666666666,1.6250004999999998,5.000000000165983e-07,0.0,4.75,1.1931818181818183,DDDVD
20200115,1920,Nimes,95.09259975442298,0.365,20,5.0025,0.32500009999999996,0.6500001999999999,1.0833336666666666,1.6250004999999998,1.6250004999999998,0.0,3.3,1.3211009174311927,DDDDV
20200111,1920,Nimes,95.13211183829735,0.38421052631578945,19,5.092105263157896,9.999999997489795e-08,1.999999999497959e-07,3.3333333324965984e-07,5.000000000165983e-07,1.6250004999999998,3.25,3.25,1.3527272727272728,NDDDD
20191221,1920,Nimes,95.11075737385266,0.225,18,5.1944444444444455,9.999999997489795e-08,1.999999999497959e-07,3.3333333324965984e-07,5.000000000165983e-07,5.000000000165983e-07,0.0,11.0,1.0383480825958702,DNDDD
20191214,1920,Nimes,95.12440744293453,0.23823529411764705,17,4.852941176470589,9.999999997489795e-08,1.999999999497959e-07,3.3333333324965984e-07,5.000000000165983e-07,5.000000000165983e-07,0.0,3.4,1.3203703703703702,DDNDD
20191206,1920,Nimes,95.1256852619822,0.253125,16,4.9437500000000005,0.20500009999999996,1.999999999497959e-07,3.3333333324965984e-07,5.000000000165983e-07,5.000000000165983e-07,0.0,5.0,1.1745454545454546,NDDND
20191203,1920,Nimes,95.12660452287132,0.27,15,4.9399999999999995,0.20500009999999996,1.999999999497959e-07,3.3333333324965984e-07,5.000000000165983e-07,5.000000000165983e-07,0.0,4.33,1.2187499999999998,NNDDN
20191130,1920,Nimes,95.12808486717385,0.2892857142857143,14,4.9835714285714285,0.4050001,1.999999999497959e-07,3.3333333324965984e-07,5.000000000165983e-07,5.000000000165983e-07,0.0,1.95,1.848,NNNDD
20191123,1920,Nimes,95.14705165790434,0.31153846153846154,13,5.216923076923076,0.4050001,1.999999999497959e-07,3.3333333324965984e-07,5.000000000165983e-07,5.000000000165983e-07,0.0,5.5,1.1547169811320754,DNNND
20191109,1920,Nimes,95.12303812415111,0.3375,12,5.193333333333333,0.4050001,1.999999999497959e-07,3.3333333324965984e-07,5.000000000165983e-07,5.000000000165983e-07,0.0,4.5,1.2102803738317758,DDNNN
20191026,1920,Nimes,95.10000231011396,0.36818181818181817,11,5.256363636363637,0.4050001,0.4100001999999999,3.3333333324965984e-07,5.000000000165983e-07,5.000000000165983e-07,0.0,4.75,1.1896749521988528,VDDNN
20191019,1920,Nimes,95.0960879440773,0.405,10,5.307,0.0,0.4100001999999999,3.3333333324965984e-07,5.000000000165983e-07,5.000000000165983e-07,0.0,2.1,1.7517730496453903,NVDDN
20191006,1920,Nimes,95.05040070874686,0.45,9,5.663333333333333,0.0,0.8100002,0.6833336666666666,5.000000000165983e-07,5.000000000165983e-07,0.0,6.5,1.1076923076923078,VNVDD
20190929,1920,Nimes,95.10156935143527,0.50625,8,5.55875,0.0,0.8100002,0.6833336666666666,1.0250005,5.000000000165983e-07,0.0,2.37,1.6,NVNVD
20190925,1920,Nimes,95.04231171650177,0.5785714285714286,7,6.014285714285713,0.0,0.8100002,1.3500003333333332,1.0250005,1.0250005,0.0,4.33,1.218867924528302,DNVNV
20190921,1920,Nimes,95.03052023130222,0.675,6,6.294999999999999,0.0,0.4000002,0.666667,1.0000005,1.0250005,2.05,2.05,1.7832167832167831,DDNVN
20190914,1920,Nimes,94.96337790339501,0.4,5,7.144,0.0,0.0,0.666667,1.0000005,1.0000005,0.0,2.62,1.4849999999999999,
20190831,1920,Nimes,95.00933809178945,0.5,4,8.275,0.0,0.0,3.3333333324965984e-07,5.000000000165983e-07,1.0000005,2.0,2.0,1.832214765100671,
20190825,1920,Nimes,94.80521202664745,0.0,3,10.366666666666667,0.0,0.0,0.0,5.000000000165983e-07,5.000000000165983e-07,0.0,6.0,1.125925925925926,
20190817,1920,Nimes,94.8065706387238,0.0,2,12.55,0.0,0.0,0.0,0.0,5.000000000165983e-07,0.0,2.1,1.7217391304347824,
20190811,1920,Nimes,95.00563274502441,0.0,1,23.0,0.0,0.0,0.0,0.0,0.0,0.0,23.0,0.9909909909909911,
20200229,1920,Strasbourg,94.97303653696896,1.0718518518518518,27,3.347037037037037,1.7240001,0.9040001999999999,0.7166669999999999,5.000000000165983e-07,5.000000000165983e-07,0.0,3.5,1.3037037037037036,DVVNN
20200222,1920,Strasbourg,94.97244429417341,1.113076923076923,26,3.341153846153846,1.7240001,2.0040002,1.506667,1.0750004999999998,5.000000000165983e-07,0.0,1.7,2.138888888888889,VDVVN
20200216,1920,Strasbourg,94.98263005436293,1.1576,25,3.4067999999999996,1.7240001,2.0040002,1.506667,2.2600005,1.0750004999999998,0.0,5.5,1.1506469500924212,DVDVV
20200209,1920,Strasbourg,94.97536331978351,1.2058333333333333,24,3.3195833333333327,1.8190001,1.9940002,2.6233336666666665,1.1850005000000001,2.2600005,2.15,2.15,1.6710334788937409,VDVDV
20200205,1920,Strasbourg,95.01668886774569,1.164782608695652,23,3.3704347826086956,1.7670001,2.2000002,1.8333336666666666,2.7500005,1.1850005000000001,2.37,2.37,1.59375,VVDVD
20200201,1920,Strasbourg,95.00411641282211,1.11,22,3.4159090909090906,1.7670001,2.5440002,2.5333336666666666,2.7500005,2.7500005,0.0,2.6,1.5,VVVDV
20200125,1920,Strasbourg,94.99850523155116,1.1628571428571428,21,3.4547619047619045,1.4170000999999999,1.4440001999999998,1.8333336666666666,1.0500005000000001,2.7500005,5.5,5.5,1.1428571428571428,DVVVD
20200111,1920,Strasbourg,95.0172476974298,0.946,20,3.3525,1.4170000999999999,1.4440001999999998,2.406667,2.7500005,1.0500005000000001,0.0,2.5,1.55,DDVVV
20191221,1920,Strasbourg,94.98241797910089,0.9957894736842106,19,3.3973684210526316,1.2070001,1.6440002,1.706667,2.5600004999999997,2.7500005,2.1,2.1,1.7410714285714286,VDDVV
20191215,1920,Strasbourg,94.97098094911604,0.9344444444444444,18,3.469444444444444,1.0970001,1.3340002,0.5733336666666666,0.8600005000000001,2.5600004999999997,3.4,3.4,1.3211009174311927,VVDDV
20191207,1920,Strasbourg,94.96092937238197,0.7894117647058824,17,3.4735294117647055,0.9250001,0.9900002000000001,1.0333336666666666,5.000000000165983e-07,0.8600005000000001,1.72,1.72,2.111111111111111,DVVDD
20191203,1920,Strasbourg,94.97226356024402,0.73125,16,3.583125,1.1700001,1.3900002,1.6500003333333333,1.5500005,5.000000000165983e-07,0.0,2.25,1.671641791044776,VDVVD
20191130,1920,Strasbourg,94.9098372362235,0.78,15,3.6719999999999997,1.1700001,1.3900002,1.6500003333333333,2.4750004999999997,1.5500005,0.0,2.8,1.4288793103448274,DVDVV
20191123,1920,Strasbourg,94.93139039903339,0.8357142857142857,14,3.7342857142857144,0.8600000999999999,0.7700002,1.2833336666666668,0.9250005,2.4750004999999997,3.1,3.1,1.3527272727272728,DDVDV
20191109,1920,Strasbourg,94.98940387666109,0.6615384615384615,13,3.7830769230769232,0.6750001,0.8600002,0.666667,1.0000005,0.9250005,1.85,1.85,1.96875,VDDVD
20191102,1920,Strasbourg,94.95715152650287,0.5625,12,3.9441666666666664,0.6750001,0.8600002,0.666667,1.0000005,1.0000005,0.0,4.2,1.2339805825242718,DVDDV
20191026,1920,Strasbourg,94.91906581652573,0.6136363636363636,11,3.9209090909090905,0.4750001,0.9500002,0.7666669999999999,5.000000000165983e-07,1.0000005,2.0,2.0,1.816216216216216,VDVDD
20191020,1920,Strasbourg,94.89255880044458,0.475,10,4.1129999999999995,0.0,0.9500002,0.7666669999999999,1.1500005,5.000000000165983e-07,0.0,4.33,1.2220183486238534,DVDVD
20191005,1920,Strasbourg,94.84675529055204,0.5277777777777778,9,4.088888888888889,0.0,0.9500002,1.5833336666666666,1.1500005,1.1500005,0.0,2.8,1.443103448275862,NDVDV
20190929,1920,Strasbourg,94.7989020180027,0.59375,8,4.25,0.0,0.49000020000000005,0.8166670000000001,1.2250005000000002,1.1500005,2.3,2.3,1.6124031007751938,DNDVD
20190925,1920,Strasbourg,94.80031894134781,0.35,7,4.5285714285714285,0.0,0.49000020000000005,0.8166670000000001,1.2250005000000002,1.2250005000000002,0.0,4.75,1.1896749521988528,NDNDV
20190920,1920,Strasbourg,94.74384776982566,0.4083333333333333,6,4.491666666666666,0.0,1.999999999497959e-07,3.3333333324965984e-07,5.000000000165983e-07,1.2250005000000002,2.45,2.45,1.5245901639344264,NNDND
20190914,1920,Strasbourg,94.89698935926202,0.0,5,4.9,0.0,0.0,3.3333333324965984e-07,5.000000000165983e-07,5.000000000165983e-07,0.0,13.0,1.024390243902439,
20190901,1920,Strasbourg,94.88210626429492,0.0,4,2.875,0.0,0.0,3.3333333324965984e-07,5.000000000165983e-07,5.000000000165983e-07,0.0,2.7,1.4789915966386555,
20190825,1920,Strasbourg,94.65747421471644,0.0,3,2.9333333333333336,0.0,0.0,0.0,5.000000000165983e-07,5.000000000165983e-07,0.0,2.75,1.443103448275862,
20190818,1920,Strasbourg,94.6640484931273,0.0,2,3.025,0.0,0.0,0.0,0.0,5.000000000165983e-07,0.0,4.0,1.2307692307692308,
20190811,1920,Strasbourg,95.21044992743106,0.0,1,2.05,0.0,0.0,0.0,0.0,0.0,0.0,2.05,1.7777777777777777,
20200307,1920,Monaco,95.00694633432207,0.7282142857142857,28,2.620714285714286,0.7900001,1.1500002,0.5833336666666666,5.000000000165983e-07,5.000000000165983e-07,0.0,2.1,1.7485714285714287,VVVNN
20200229,1920,Monaco,94.99194335685037,0.7551851851851852,27,2.6400000000000006,0.7900001,1.1500002,1.2500003333333332,0.8750005000000001,5.000000000165983e-07,0.0,1.7,2.1875,DVVVN
20200222,1920,Monaco,94.96628102491624,0.7842307692307692,26,2.6761538461538468,0.9340001,1.1500002,1.916667,1.8750004999999998,0.8750005000000001,0.0,1.9,1.8789473684210527,DDVVV
20200214,1920,Monaco,94.98610218234742,0.8156,25,2.7072000000000003,0.9490001,0.8000001999999999,1.3333336666666666,2.0000005,1.8750004999999998,1.75,1.75,2.0454545454545454,DDDVV
20200208,1920,Monaco,95.01421572138236,0.7766666666666666,24,2.7470833333333338,0.7490001,0.4000002,0.666667,1.0000005,2.0000005,2.0,2.0,1.8103448275862069,NDDDV
20200204,1920,Monaco,95.01385012516468,0.7234782608695652,23,2.7795652173913044,0.6890001,0.43000019999999994,3.3333333324965984e-07,5.000000000165983e-07,1.0000005,2.0,2.0,1.808219178082192,VNDDD
20200201,1920,Monaco,95.01611473190042,0.6654545454545454,22,2.815,0.6890001,0.43000019999999994,3.3333333324965984e-07,5.000000000165983e-07,5.000000000165983e-07,0.0,1.72,2.1176470588235294,NVNDD
20200125,1920,Monaco,95.02111555312402,0.6971428571428572,21,2.867142857142857,0.9290001,0.7180002,0.7166669999999999,5.000000000165983e-07,5.000000000165983e-07,0.0,1.6,2.3157894736842106,VNVND
20200115,1920,Monaco,95.0409885350813,0.732,20,2.9305,1.1140001,1.0980002,0.7166669999999999,1.0750004999999998,5.000000000165983e-07,0.0,6.5,1.09375,VVNVN
20200112,1920,Monaco,95.11570376445637,0.7705263157894737,19,2.7426315789473685,1.1140001,1.0980002,1.196667,1.0750004999999998,1.0750004999999998,0.0,13.0,1.019585253456221,DVVNV
20191221,1920,Monaco,95.14749218452955,0.8133333333333334,18,2.1727777777777777,1.0490001,0.9480002,1.1133336666666667,0.7200005,1.0750004999999998,2.15,2.15,1.7,VDVVN
20191214,1920,Monaco,95.1599879050863,0.7347058823529412,17,2.1741176470588237,1.2490001,0.9480002,1.1133336666666667,1.6700004999999998,0.7200005,0.0,2.25,1.6439393939393938,DVDVV
20191207,1920,Monaco,95.17059512580789,0.780625,16,2.169375,1.1050001,1.1400002,1.1000003333333332,0.9500004999999999,1.6700004999999998,1.44,1.44,2.739130434782609,VDVDV
20191204,1920,Monaco,95.22316663606775,0.7366666666666667,15,2.2179999999999995,0.9150001,1.1300002,0.466667,0.7000005,0.9500004999999999,1.9,1.9,1.8874172185430464,VVDVD
20191124,1920,Monaco,95.26165101135402,0.6535714285714286,14,2.2407142857142857,0.9150001,1.1300002,1.266667,0.7000005,0.7000005,0.0,2.1,1.7246376811594204,DVVDV
20191109,1920,Monaco,95.30524261128882,0.7038461538461539,13,2.2515384615384613,0.7750001,1.1500002,1.4166670000000001,1.2000005,0.7000005,1.4,1.4,3.0471698113207544,VDVVD
20191103,1920,Monaco,95.25342733886652,0.6458333333333334,12,2.3225,0.7750001,1.5500002,1.416667,2.1250005,1.2000005,0.0,2.5,1.532520325203252,VVDVV
20191025,1920,Monaco,95.27554976556699,0.7045454545454546,11,2.306363636363636,0.5350001,1.0700002,1.116667,0.9250005,2.1250005,2.4,2.4,1.5714285714285714,NVVDV
20191020,1920,Monaco,95.30670186442586,0.535,10,2.2969999999999997,0.0,0.7000002,1.166667,0.7500005000000001,0.9250005,1.85,1.85,1.9811320754716981,DNVVD
20191005,1920,Monaco,95.26676961652396,0.3888888888888889,9,2.3466666666666662,0.0,0.7000002,1.166667,1.7500004999999998,0.7500005000000001,0.0,2.5,1.5483870967741937,NDNVV
20190928,1920,Monaco,95.2229245835297,0.4375,8,2.3274999999999997,0.0,0.4000002,0.666667,1.0000005,1.7500004999999998,1.5,1.5,2.608695652173913,NNDNV
20190924,1920,Monaco,95.22075734716319,0.2857142857142857,7,2.4457142857142857,0.0,1.999999999497959e-07,3.3333333324965984e-07,5.000000000165983e-07,1.0000005,2.0,2.0,1.821917808219178,DNNDN
20190921,1920,Monaco,95.20079993967128,0.0,6,2.52,0.0,1.999999999497959e-07,3.3333333324965984e-07,5.000000000165983e-07,5.000000000165983e-07,0.0,2.87,1.4344827586206896,DDNND
20190915,1920,Monaco,95.11222484789712,0.0,5,2.45,0.0,0.0,3.3333333324965984e-07,5.000000000165983e-07,5.000000000165983e-07,0.0,2.4,1.5750000000000002,
20190901,1920,Monaco,95.11669615421104,0.0,4,2.4625,0.0,0.0,3.3333333324965984e-07,5.000000000165983e-07,5.000000000165983e-07,0.0,2.75,1.464406779661017,
20190825,1920,Monaco,94.9702607346046,0.0,3,2.3666666666666667,0.0,0.0,0.0,5.000000000165983e-07,5.000000000165983e-07,0.0,1.6,2.326530612244898,
20190817,1920,Monaco,95.05414370065948,0.0,2,2.75,0.0,0.0,0.0,0.0,5.000000000165983e-07,0.0,2.5,1.5483870967741937,
20190809,1920,Monaco,94.49075752084087,0.0,1,3.0,0.0,0.0,0.0,0.0,0.0,0.0,3.0,1.3793650793650796,
20200229,1920,Paris SG,94.78349643118835,1.048148148148148,27,1.2755555555555556,1.0080001,0.9660002,0.7966669999999999,0.5700004999999999,1.1300005,1.12,1.12,6.107142857142858,VVVNV
20200223,1920,Paris SG,94.78889205851955,1.0453846153846154,26,1.2815384615384615,1.0390001,1.0260002,0.8500003333333334,0.6250005000000001,0.5700004999999999,1.14,1.14,5.884615384615384,VVVVN
20200215,1920,Paris SG,94.76047402206926,1.0416,25,1.2872,1.1550001,1.3060002,1.2300003333333331,1.2750005,0.6250005000000001,0.0,1.3,3.5084745762711864,VVVVV
20200209,1920,Paris SG,94.75658882644905,1.085,24,1.2866666666666666,1.1580001,1.0560002,1.2933336666666666,1.2200005,1.2750005,1.25,1.25,3.9393939393939394,NVVVV
20200204,1920,Paris SG,94.75076612547272,1.0778260869565217,23,1.2882608695652171,1.1480001,1.0120002,1.3266669999999998,1.2900004999999999,1.2200005,1.3,1.3,3.413793103448276,VNVVV
20200201,1920,Paris SG,94.77817509313651,1.0677272727272726,22,1.2877272727272724,1.0340000999999999,1.0500002,0.9466669999999999,1.4200004999999998,1.2900004999999999,1.14,1.14,5.62962962962963,VVNVV
20200126,1920,Paris SG,94.77701701173851,1.0642857142857143,21,1.2947619047619046,1.0120001,1.0520002,0.826667,0.7000005,1.4200004999999998,1.44,1.44,2.7444444444444445,VVVNV
20200115,1920,Paris SG,94.79361613635623,1.0455,20,1.2874999999999996,1.0160001,1.0040002,0.8033336666666667,0.5400005,0.7000005,1.4,1.4,2.826086956521739,VVVVN
20200112,1920,Paris SG,94.8553117657984,1.026842105263158,19,1.2815789473684207,1.1360001,1.2600002,1.286667,1.2050005000000001,0.5400005,0.0,1.18,4.7560975609756095,VVVVV
20191221,1920,Paris SG,94.87263396372393,1.083888888888889,18,1.2872222222222218,1.1780001,1.2840002,1.3133336666666666,1.3900005,1.2050005000000001,1.08,1.08,7.9750000000000005,VVVVV
20191215,1920,Paris SG,94.8581583768952,1.0841176470588236,17,1.299411764705882,1.0450001,1.0180002,1.296667,1.3050004999999998,1.3900005,1.33,1.33,3.169811320754717,DVVVV
20191207,1920,Paris SG,94.93120184604112,1.06875,16,1.2974999999999999,1.0850001,0.9720002,1.2133336666666665,1.2200005,1.3050004999999998,1.45,1.45,2.739130434782609,VDVVV
20191204,1920,Paris SG,94.9392428755281,1.0433333333333332,15,1.2873333333333332,1.0890001,1.0280002,0.826667,1.2400005,1.2200005,1.16,1.16,5.204081632653062,VVDVV
20191122,1920,Paris SG,94.9451647535756,1.035,14,1.2964285714285713,1.1010001,1.0120002,0.806667,0.6000005,1.2400005,1.28,1.28,3.5819672131147544,VVVDV
20191109,1920,Paris SG,94.99466157182039,1.0161538461538462,13,1.2976923076923075,1.0910001,1.0720002,0.8866669999999999,0.6100005000000001,0.6000005,1.2,1.2,4.7560975609756095,VVVVD
20191101,1920,Paris SG,94.92562538421409,1.0008333333333332,12,1.3058333333333332,1.0910001,1.0720002,1.286667,1.3300005,0.6100005000000001,0.0,1.16,4.772727272727273,DVVVV
20191027,1920,Paris SG,95.07167936768414,1.0918181818181818,11,1.3190909090909089,1.0790001,1.1980001999999998,1.3800003333333333,1.3200005,1.3300005,1.22,1.22,4.277777777777778,VDVVV
20191018,1920,Paris SG,95.08612297138869,1.079,10,1.3289999999999997,0.0,1.1500002,0.9000003333333333,1.3500005,1.3200005,1.44,1.44,2.8125000000000004,VVDVV
20191005,1920,Paris SG,95.06923716397685,1.038888888888889,9,1.3166666666666664,0.0,1.1900001999999998,1.116667,0.7500005000000001,1.3500005,1.2,1.2,4.615384615384615,VVVDV
20190928,1920,Paris SG,95.04812990471206,1.01875,8,1.3312499999999998,0.0,1.1100002,1.0166670000000002,0.9250005,0.7500005000000001,1.5,1.5,2.6511627906976747,VVVVD
20190925,1920,Paris SG,94.94095998713792,0.95,7,1.3071428571428572,0.0,1.1100002,1.4833336666666666,1.5250005000000002,0.9250005,0.0,1.14,5.62962962962963,DVVVV
20190922,1920,Paris SG,94.96403751791176,1.1083333333333334,6,1.335,0.0,0.9600002000000001,1.2333336666666666,1.3000005,1.5250005000000002,1.85,1.85,1.9746835443037976,VDVVV
20190914,1920,Paris SG,94.85375053200214,0.96,5,1.232,0.0,0.0,0.8333336666666666,1.2500005,1.3000005,1.2,1.2,4.55,
20190830,1920,Paris SG,94.82805773022007,0.9,4,1.24,0.0,0.0,0.7333336666666668,0.5500005000000001,1.2500005,1.4,1.4,2.908163265306123,
20190825,1920,Paris SG,94.93575232496103,0.7333333333333334,3,1.1866666666666668,0.0,0.0,0.0,0.5500005000000001,0.5500005000000001,1.1,1.1,6.774193548387097,
20190818,1920,Paris SG,95.08695499297207,0.55,2,1.23,0.0,0.0,0.0,0.0,0.5500005000000001,0.0,1.36,3.169811320754717,
20190811,1920,Paris SG,95.00563274502441,1.1,1,1.1,0.0,0.0,0.0,0.0,0.0,1.1,1.1,6.96969696969697,
20200308,1920,Rennes,95.05801598522017,1.5035714285714286,28,2.801785714285714,1.0000001,0.7500001999999999,1.2500003333333332,1.8750004999999998,2.0500005,2.05,2.05,1.7832167832167831,DNDVV
20200229,1920,Rennes,95.04660058204911,1.4833333333333334,27,2.8296296296296295,1.3200001,0.7300002,0.566667,0.8500005,1.8750004999999998,2.05,2.05,1.7746478873239437,VDNDV
20200223,1920,Rennes,95.04375429903783,1.4615384615384615,26,2.8596153846153842,1.3600001,0.39000019999999996,3.3333333324965984e-07,5.000000000165983e-07,0.8500005,1.7,1.7,2.1702127659574466,NVDND
20200216,1920,Rennes,95.03242035884982,1.452,25,2.9059999999999997,1.6200001,0.8400002,0.6500003333333333,5.000000000165983e-07,5.000000000165983e-07,0.0,3.0,1.392857142857143,VNVDN
20200208,1920,Rennes,95.02868990632221,1.5125,24,2.902083333333333,1.8200001,0.8400002,0.6500003333333333,0.9750005,5.000000000165983e-07,0.0,1.53,2.4761904761904763,DVNVD
20200204,1920,Rennes,95.0487229203527,1.5782608695652174,23,2.961739130434782,1.8200001,1.2500002,1.4000003333333333,0.9750005,0.9750005,0.0,3.75,1.2833333333333332,VDVNV
20200131,1920,Rennes,95.02309292666614,1.65,22,2.9259090909090903,1.8250001,1.9100002,0.7500003333333334,1.1250005,0.9750005,1.95,1.95,1.8387096774193552,VVDVN
20200124,1920,Rennes,95.04152519338022,1.6357142857142857,21,2.972380952380952,2.0150001,2.3300001999999997,1.4333336666666665,1.1250005,1.1250005,0.0,2.8,1.4140350877192984,VVVDV
20200115,1920,Rennes,95.09584957961043,1.7175,20,2.981,1.7900000999999999,2.4000002,2.4333336666666665,1.0250005,1.1250005,2.25,2.25,1.6246153846153848,VVVVD
20200110,1920,Rennes,95.13553270691573,1.6894736842105262,19,3.019473684210526,1.7900000999999999,2.8000002,3.1333336666666667,3.6500005,1.0250005,0.0,2.5,1.5130148270181218,VVVVV
20191221,1920,Rennes,95.1843543635422,1.7833333333333334,18,3.0483333333333333,1.5850001,2.3900002,3.316667,3.6750005,3.6500005,2.05,2.05,1.7832167832167831,DVVVV
20191215,1920,Rennes,95.17365568664243,1.7676470588235293,17,3.1070588235294117,1.0600001,1.7400001999999999,2.2333336666666668,2.3500004999999997,3.6750005,5.25,5.25,1.168141592920354,VDVVV
20191207,1920,Rennes,95.14993057346916,1.55,16,2.973125,0.8500000999999999,1.7000001999999999,1.5333336666666666,2.3000005,2.3500004999999997,2.1,2.1,1.7553191489361701,VVDVV
20191204,1920,Rennes,95.11908709293667,1.5133333333333334,15,3.0313333333333334,0.5900001,1.1800002,1.3333336666666666,1.0000005,2.3000005,2.6,2.6,1.5,DVVDV
20191201,1920,Rennes,95.11888251246697,1.4357142857142857,14,3.062142857142857,0.39000009999999996,0.7800001999999999,1.3000003333333332,1.0000005,1.0000005,2.0,2.0,1.808219178082192,DDVVD
20191123,1920,Rennes,95.13079433827377,1.3923076923076922,13,3.1438461538461535,0.6600001,0.7800001999999999,1.3000003333333332,1.9500004999999998,1.0000005,0.0,2.55,1.5483870967741937,NDDVV
20191110,1920,Rennes,95.03002523206736,1.5083333333333333,12,3.1933333333333334,1.2600001,0.38000019999999995,0.6333336666666666,0.9500004999999999,1.9500004999999998,2.0,2.0,1.793103448275862,DNDDV
20191027,1920,Rennes,95.07407711266852,1.4636363636363636,11,3.3018181818181818,1.4200001,1.999999999497959e-07,3.3333333324965984e-07,5.000000000165983e-07,0.9500004999999999,1.9,1.9,1.9045278137128072,NDNDD
20191020,1920,Rennes,95.07017876116547,1.42,10,3.442,0.0,1.999999999497959e-07,3.3333333324965984e-07,5.000000000165983e-07,5.000000000165983e-07,0.0,4.2,1.2388392857142858,NNDND
20191006,1920,Rennes,95.00396616845687,1.5777777777777777,9,3.357777777777778,0.0,1.999999999497959e-07,3.3333333324965984e-07,5.000000000165983e-07,5.000000000165983e-07,0.0,2.2,1.6656716417910447,DNNDN
20190929,1920,Rennes,95.03004109009312,1.775,8,3.5025000000000004,0.0,0.5400002,3.3333333324965984e-07,5.000000000165983e-07,5.000000000165983e-07,0.0,4.0,1.2436363636363637,VDNND
20190925,1920,Rennes,95.05315573759802,2.0285714285714285,7,3.4314285714285715,0.0,2.1400002,3.3333333324965984e-07,5.000000000165983e-07,5.000000000165983e-07,0.0,3.4,1.3203703703703702,VVDNN
20190922,1920,Rennes,95.04468797083571,2.3666666666666667,6,3.436666666666667,0.0,2.8400002,0.9000003333333334,5.000000000165983e-07,5.000000000165983e-07,0.0,2.45,1.55,VVVDN
20190914,1920,Rennes,95.06612556500286,2.84,5,3.6340000000000003,0.0,0.0,3.566667,1.3500005000000002,5.000000000165983e-07,0.0,2.25,1.65,
20190901,1920,Rennes,95.03458003317665,3.55,4,3.98,0.0,0.0,4.733333666666667,5.3500005,1.3500005000000002,0.0,1.72,2.138888888888889,
20190825,1920,Rennes,94.93429175745177,4.733333333333333,3,4.733333333333333,0.0,0.0,0.0,5.7500005,5.3500005,2.7,2.7,1.4572649572649572,
20190818,1920,Rennes,95.07927480723029,5.75,2,5.75,0.0,0.0,0.0,0.0,5.7500005,8.0,8.0,1.0801815431164903,
20190810,1920,Rennes,94.99027237354088,3.5,1,3.5,0.0,0.0,0.0,0.0,0.0,3.5,3.5,1.3037383177570094,
20200308,1920,St Etienne,95.01469947567641,0.8107142857142857,28,3.0982142857142856,0.17500009999999996,1.999999999497959e-07,3.3333333324965984e-07,5.000000000165983e-07,5.000000000165983e-07,0.0,2.3,1.6246153846153848,DDDND
20200301,1920,St Etienne,95.0074764311543,0.8407407407407408,27,3.1277777777777778,0.17500009999999996,1.999999999497959e-07,3.3333333324965984e-07,5.000000000165983e-07,5.000000000165983e-07,0.0,5.25,1.1479500891265597,DDDDN
20200223,1920,St Etienne,95.03861197779754,0.8730769230769231,26,3.0461538461538464,0.4050001,0.35000019999999993,3.3333333324965984e-07,5.000000000165983e-07,5.000000000165983e-07,0.0,2.2,1.6656716417910447,VDDDD
20200216,1920,St Etienne,95.04834178509478,0.908,25,3.08,0.4050001,0.35000019999999993,3.3333333324965984e-07,5.000000000165983e-07,5.000000000165983e-07,0.0,2.55,1.5130148270181218,DVDDD
20200209,1920,St Etienne,95.05207506651884,0.9458333333333333,24,3.1020833333333333,0.4050001,0.35000019999999993,0.5833336666666666,5.000000000165983e-07,5.000000000165983e-07,0.0,3.75,1.2757009345794392,DDVDD
20200205,1920,St Etienne,95.04615291641842,0.9869565217391304,23,3.073913043478261,0.7850001,0.35000019999999993,0.5833336666666666,0.8750005000000001,5.000000000165983e-07,0.0,3.0,1.4035087719298245,DDDVD
20200202,1920,St Etienne,95.02018123623388,1.0318181818181817,22,3.0772727272727276,1.0750001,0.35000019999999993,0.5833336666666666,0.8750005000000001,0.8750005000000001,0.0,3.0,1.3985765124555163,DDDDV
20200125,1920,St Etienne,95.00264941345628,1.0809523809523809,21,3.080952380952381,0.9000001,0.46000019999999997,3.3333333324965984e-07,5.000000000165983e-07,0.8750005000000001,1.75,1.75,2.0955882352941178,VDDDD
20200112,1920,St Etienne,94.98461744818265,1.0475,20,3.1475,1.2300001,0.46000019999999997,3.3333333324965984e-07,5.000000000165983e-07,5.000000000165983e-07,0.0,2.5,1.5245901639344264,DVDDD
20191221,1920,St Etienne,94.99935077083862,1.1026315789473684,19,3.181578947368421,1.5700001,0.46000019999999997,0.7666669999999999,5.000000000165983e-07,5.000000000165983e-07,0.0,3.75,1.2757009345794392,NDVDD
20191215,1920,St Etienne,94.98885445150586,1.163888888888889,18,3.1500000000000004,1.8900001,1.2200001999999999,0.7666669999999999,1.1500005,5.000000000165983e-07,0.0,8.0,1.0611702127659575,VNDVD
20191208,1920,St Etienne,95.06528925038499,1.2323529411764707,17,2.864705882352941,1.8900001,1.8000002,0.7666669999999999,1.1500005,1.1500005,0.0,4.0,1.2570754716981132,VVNDV
20191204,1920,St Etienne,95.02885278053046,1.309375,16,2.79375,1.6600001,1.3400002,1.266667,5.000000000165983e-07,1.1500005,2.3,2.3,1.6246153846153848,NVVND
20191201,1920,St Etienne,95.01679485404762,1.2433333333333334,15,2.826666666666666,1.6600001,2.0000002,2.2333336666666668,1.9000005,5.000000000165983e-07,0.0,4.0,1.2452830188679247,VNVVN
20191124,1920,St Etienne,95.02056385955255,1.332142857142857,14,2.7428571428571424,1.6600001,2.6800002,2.2333336666666668,3.3500004999999997,1.9000005,0.0,2.4,1.5746031746031748,VVNVV
20191110,1920,St Etienne,95.01600167917407,1.4346153846153846,13,2.7692307692307687,1.2800001,2.5600002,2.066667,1.4500004999999998,3.3500004999999997,3.8,3.8,1.264485981308411,VVVNV
20191103,1920,St Etienne,95.02756151646638,1.2375,12,2.683333333333333,0.9900000999999999,1.9800001999999999,2.2333336666666668,1.6500005,1.4500004999999998,2.9,2.9,1.4130434782608694,DVVVN
20191027,1920,St Etienne,95.02915068658503,1.0863636363636364,11,2.6636363636363636,1.1950001,1.9800001999999999,3.300000333333333,3.3500004999999997,1.6500005,0.0,1.83,1.96875,DDVVV
20191020,1920,St Etienne,95.04786042454263,1.195,10,2.747,0.0,1.3200002,2.200000333333333,3.3000005,3.3500004999999997,3.3,3.3,1.3381818181818181,NDDVV
20191006,1920,St Etienne,95.02987584085032,0.9611111111111111,9,2.6855555555555553,0.0,0.6400002,1.066667,1.6000005000000002,3.3000005,3.4,3.4,1.3263157894736843,DNDDV
20190929,1920,St Etienne,94.98210698019938,0.65625,8,2.59625,0.0,1.999999999497959e-07,3.3333333324965984e-07,5.000000000165983e-07,1.6000005000000002,3.2,3.2,1.361579892280072,DDNDD
20190925,1920,St Etienne,94.90578329223217,0.29285714285714287,7,2.5100000000000002,0.0,1.999999999497959e-07,3.3333333324965984e-07,5.000000000165983e-07,5.000000000165983e-07,0.0,1.8,2.015151515151515,NDDND
20190922,1920,St Etienne,94.87750438899154,0.3416666666666667,6,2.6283333333333334,0.0,0.4100001999999999,3.3333333324965984e-07,5.000000000165983e-07,5.000000000165983e-07,0.0,3.5,1.301834862385321,VNDDN
20190915,1920,St Etienne,94.87516804860108,0.41,5,2.4539999999999997,0.0,0.0,3.3333333324965984e-07,5.000000000165983e-07,5.000000000165983e-07,0.0,1.61,2.3157894736842106,
20190901,1920,St Etienne,94.8508309549731,0.5125,4,2.665,0.0,0.0,0.6833336666666666,5.000000000165983e-07,5.000000000165983e-07,0.0,3.6,1.2927927927927927,
20190828,1920,St Etienne,94.76090662651666,0.6833333333333333,3,2.3533333333333335,0.0,0.0,0.0,1.0250005,5.000000000165983e-07,0.0,3.4,1.3037037037037036,
20190818,1920,St Etienne,95.02324970355451,1.025,2,1.83,0.0,0.0,0.0,0.0,1.0250005,0.0,1.61,2.3076923076923075,
20190810,1920,St Etienne,95.21044992743106,2.05,1,2.05,0.0,0.0,0.0,0.0,0.0,2.05,2.05,1.7777777777777777,
20200307,1920,Reims,95.07932172560022,1.6657142857142857,28,3.453928571428571,0.6800001,0.5200001999999999,0.866667,5.000000000165983e-07,0.9000005,1.8,1.8,2.0479041916167664,NDVNN
20200229,1920,Reims,95.05269218478055,1.6607407407407409,27,3.515185185185185,0.9170001,1.3600002,0.866667,1.3000005,5.000000000165983e-07,0.0,5.25,1.1697247706422018,VNDVN
20200223,1920,Reims,95.02936634622834,1.7246153846153847,26,3.4484615384615385,1.1220001,1.3600002,0.866667,1.3000005,1.3000005,0.0,3.6,1.2867924528301886,DVNDV
20200216,1920,Reims,95.03872632826283,1.7936,25,3.4424,0.8620000999999999,0.8400002,1.4000003333333333,5.000000000165983e-07,1.3000005,2.6,2.6,1.5,NDVND
20200209,1920,Reims,95.03525862446077,1.76,24,3.4775000000000005,0.8620000999999999,0.8400002,1.4000003333333333,2.1000004999999997,5.000000000165983e-07,0.0,4.0,1.2291832669322709,DNDVN
20200205,1920,Reims,95.07918831610455,1.8365217391304347,23,3.4547826086956523,0.8620000999999999,0.8400002,1.4000003333333333,2.1000004999999997,2.1000004999999997,0.0,2.2,1.6656716417910447,NDNDV
20200201,1920,Reims,95.09208929431992,1.92,22,3.511818181818182,0.44200009999999995,0.4740001999999999,3.3333333324965984e-07,5.000000000165983e-07,2.1000004999999997,4.2,4.2,1.2346534653465346,VNDND
20200125,1920,Reims,95.07665130263544,1.8114285714285714,21,3.479047619047619,0.44200009999999995,0.8840001999999999,3.3333333324965984e-07,5.000000000165983e-07,5.000000000165983e-07,0.0,1.9,1.9119496855345912,VVNDN
20200115,1920,Reims,95.06559358563555,1.902,20,3.558,0.6570001,0.8840001999999999,0.7900003333333333,5.000000000165983e-07,5.000000000165983e-07,0.0,2.8,1.4210526315789473,NVVND
20200111,1920,Reims,95.10776487161007,2.002105263157895,19,3.5978947368421053,1.0170001,0.8840001999999999,1.4733336666666665,1.1850005000000001,5.000000000165983e-07,0.0,2.4,1.5866141732283465,NNVVN
20191221,1920,Reims,95.085057797905,2.1133333333333333,18,3.664444444444444,1.0170001,0.8840001999999999,1.4733336666666665,2.2100005,1.1850005000000001,0.0,2.9,1.41993006993007,NNNVV
20191214,1920,Reims,95.07118339170182,2.2376470588235295,17,3.709411764705882,2.6800001,0.4100001999999999,0.6833336666666666,1.0250005,2.2100005,2.37,2.37,1.6,DNNNV
20191208,1920,Reims,95.04335905393508,2.229375,16,3.793125,2.4750001000000004,1.999999999497959e-07,3.3333333324965984e-07,5.000000000165983e-07,1.0250005,2.05,2.05,1.793103448275862,NDNNN
20191130,1920,Reims,95.0030314729936,2.2413333333333334,15,3.909333333333333,2.4750001000000004,0.43000019999999994,3.3333333324965984e-07,5.000000000165983e-07,5.000000000165983e-07,0.0,2.05,1.7464788732394367,VNDNN
20191123,1920,Reims,95.05286774337688,2.4014285714285712,14,4.042142857142857,2.7620001000000003,1.1500002,3.3333333324965984e-07,5.000000000165983e-07,5.000000000165983e-07,0.0,2.9,1.4245614035087717,VVNDN
20191109,1920,Reims,95.01621051096696,2.586153846153846,13,4.13,2.7620001000000003,1.1500002,0.7166669999999999,5.000000000165983e-07,5.000000000165983e-07,0.0,2.25,1.6666666666666667,DVVND
20191103,1920,Reims,94.95550464929222,2.8016666666666667,12,4.286666666666666,2.7620001000000003,4.950000200000001,1.916667,1.0750004999999998,5.000000000165983e-07,0.0,2.8,1.443103448275862,VDVVN
20191026,1920,Reims,94.93058857459636,3.056363636363636,11,4.421818181818182,3.3620001000000004,4.950000200000001,1.916667,2.8750005,1.0750004999999998,0.0,1.83,1.9815950920245398,NVDVV
20191019,1920,Reims,94.90973283500792,3.362,10,4.681,0.0,4.5200002,7.5333336666666675,1.8000005,2.8750005,2.15,2.15,1.7154929577464786,DNVDV
20191006,1920,Reims,94.85344902559835,3.4966666666666666,9,4.9622222222222225,0.0,4.3740002,6.333333666666666,9.5000005,1.8000005,3.6,3.6,1.2867924528301886,VDNVD
20190928,1920,Reims,94.8607093043773,3.48375,8,5.1325,0.0,4.3740002,6.333333666666666,9.5000005,9.5000005,0.0,1.72,2.1366120218579234,DVDNV
20190925,1920,Reims,94.799355829027,3.9814285714285713,7,5.62,0.0,0.5740002,0.9566669999999999,5.000000000165983e-07,9.5000005,19.0,19.0,0.9978118161925601,NDVDN
20190921,1920,Reims,94.79883266678235,1.4783333333333333,6,3.3900000000000006,0.0,1.7740002,0.9566669999999999,1.4350005,5.000000000165983e-07,0.0,2.6,1.5130148270181218,VNDVD
20190915,1920,Reims,94.62986412043043,1.774,5,3.5480000000000005,0.0,0.0,0.9566669999999999,1.4350005,1.4350005,0.0,4.0,1.2339805825242718,
20190901,1920,Reims,94.71099922863114,2.2175,4,3.4350000000000005,0.0,0.0,2.0000003333333334,5.000000000165983e-07,1.4350005,2.87,2.87,1.417283950617284,
20190824,1920,Reims,94.65598795222444,2.0,3,3.6233333333333335,0.0,0.0,0.0,3.0000005,5.000000000165983e-07,0.0,2.87,1.4210526315789473,
20190818,1920,Reims,94.46159752995568,3.0,2,4.0,0.0,0.0,0.0,0.0,3.0000005,0.0,2.0,1.7777777777777777,
20190810,1920,Reims,94.80554800108783,6.0,1,6.0,0.0,0.0,0.0,0.0,0.0,6.0,6.0,1.125968992248062,
20200306,1920,Marseille,94.86637636632972,1.2607142857142857,28,2.4321428571428574,1.3780001,1.9260002,1.9333336666666665,1.1000005,1.1000005,0.0,1.57,2.4000000000000004,VVVDV
20200228,1920,Marseille,94.86469257282592,1.3074074074074074,27,2.4640740740740745,1.3190001,1.4860001999999999,1.6433336666666667,1.8000005,1.1000005,2.2,2.2,1.6746268656716417,NVVVD
20200222,1920,Marseille,94.85622898859954,1.273076923076923,26,2.4742307692307697,1.5690001,1.4860001999999999,2.476667,2.4650005,1.8000005,0.0,1.72,2.142857142857143,NNVVV
20200216,1920,Marseille,94.83391010080624,1.324,25,2.5044000000000004,1.3450001,1.3400002,1.276667,1.9150004999999999,2.4650005,3.6,3.6,1.285981308411215,VNNVV
20200208,1920,Marseille,94.83735056566705,1.2291666666666667,24,2.45875,1.4270000999999999,1.3300002,0.8333336666666666,1.2500005,1.9150004999999999,1.33,1.33,3.3157894736842106,VVNNV
20200205,1920,Marseille,94.83355437435259,1.2247826086956521,23,2.5078260869565216,1.4370001,0.8300002,0.9566669999999999,5.000000000165983e-07,1.2500005,2.5,2.5,1.5483870967741937,NVVNN
20200202,1920,Marseille,94.79791912407414,1.1668181818181818,22,2.5081818181818183,1.6570000999999999,1.1520002,1.3833336666666667,1.4350005,5.000000000165983e-07,0.0,2.2,1.671641791044776,VNVVN
20200125,1920,Marseille,94.78884694666563,1.2223809523809523,21,2.5228571428571427,1.6570000999999999,1.6520002,1.3833336666666667,2.0750005,1.4350005,0.0,1.75,2.0454545454545454,VVNVV
20200110,1920,Marseille,94.81272043172346,1.2835,20,2.5614999999999997,1.5550001,1.3500002,0.9633336666666668,0.6400005,2.0750005,2.87,2.87,1.4035087719298245,VVVNV
20191221,1920,Marseille,94.8419824077279,1.2,19,2.5452631578947367,1.4270000999999999,1.5240002,1.3700003333333333,0.8050005,0.6400005,1.28,1.28,3.666666666666667,VVVVN
20191214,1920,Marseille,94.83994219707606,1.1955555555555555,18,2.6155555555555554,1.4270000999999999,2.0440002,1.8233336666666666,2.0550005,0.8050005,0.0,1.8,2.030487804878049,VVVVV
20191208,1920,Marseille,94.80608745694114,1.2658823529411765,17,2.663529411764706,1.2660001,2.1620002,2.003333666666667,1.9300004999999998,2.0550005,1.61,1.61,2.3333333333333335,VVVVV
20191203,1920,Marseille,94.77732591116565,1.244375,16,2.729375,1.0160001,1.6620002,2.036667,1.7550005,1.9300004999999998,2.5,2.5,1.532520325203252,DVVVV
20191129,1920,Marseille,94.76180892889927,1.1606666666666667,15,2.744666666666667,1.1600001,1.7600002,2.316667,2.3750005,1.7550005,1.36,1.36,2.942307692307692,VDVVV
20191124,1920,Marseille,94.88700109946112,1.1464285714285714,14,2.843571428571429,1.1500001,1.3300002,1.6000003333333332,2.4000005,2.3750005,2.15,2.15,1.671641791044776,DVDVV
20191110,1920,Marseille,94.95183718361446,1.0692307692307692,13,2.8969230769230774,1.1300001,0.8100002000000001,1.3500003333333335,1.1000005,2.4000005,2.6,2.6,1.5241935483870968,NDVDV
20191102,1920,Marseille,94.85705969953487,0.9416666666666667,12,2.921666666666667,0.9100001,0.37000019999999995,0.6166670000000001,0.9250005,1.1000005,2.2,2.2,1.671641791044776,NNDVD
20191027,1920,Marseille,94.84511650406958,0.8272727272727273,11,2.9872727272727273,0.9100001,0.37000019999999995,0.6166670000000001,0.9250005,0.9250005,0.0,11.0,1.0389294403892944,NNNDV
20191020,1920,Marseille,94.83690382141268,0.91,10,2.186,0.0,0.5600002,3.3333333324965984e-07,5.000000000165983e-07,0.9250005,1.85,1.85,1.9656998738965954,VNNND
20191004,1920,Marseille,94.78491642496105,0.8055555555555556,9,2.223333333333333,0.0,0.9700002,3.3333333324965984e-07,5.000000000165983e-07,5.000000000165983e-07,0.0,2.3,1.6124031007751938,VVNNN
20190929,1920,Marseille,94.78440803375781,0.90625,8,2.2137499999999997,0.0,1.4500001999999999,0.9333336666666666,5.000000000165983e-07,5.000000000165983e-07,0.0,1.9,1.894736842105263,VVVNN
20190924,1920,Marseille,94.77243224464335,1.0357142857142858,7,2.2585714285714285,0.0,1.4500001999999999,1.6166669999999999,1.4000005,5.000000000165983e-07,0.0,2.0,1.7746478873239437,NVVVN
20190921,1920,Marseille,94.89619582770581,1.2083333333333333,6,2.3016666666666663,0.0,1.4500001999999999,2.416667,2.4250004999999994,1.4000005,0.0,2.0,1.816216216216216,DNVVV
20190915,1920,Marseille,94.83860779777955,1.45,5,2.3619999999999997,0.0,0.0,1.4833336666666666,2.2250004999999997,2.4250004999999994,2.8,2.8,1.44,
20190901,1920,Marseille,94.77467484156406,1.1125,4,2.2524999999999995,0.0,0.0,0.8000003333333333,1.2000005,2.2250004999999997,2.05,2.05,1.7746478873239437,
20190828,1920,Marseille,94.65936514197126,0.8,3,2.32,0.0,0.0,0.0,5.000000000165983e-07,1.2000005,2.4,2.4,1.5483870967741937,
20190817,1920,Marseille,94.93022418354514,0.0,2,2.28,0.0,0.0,0.0,0.0,5.000000000165983e-07,0.0,2.9,1.4140350877192984,
20190810,1920,Marseille,94.80554800108783,0.0,1,1.66,0.0,0.0,0.0,0.0,0.0,0.0,1.66,2.210526315789474,
20200307,1920,Toulouse,95.01890314145577,0.2767857142857143,28,4.917142857142856,9.999999997489795e-08,1.999999999497959e-07,3.3333333324965984e-07,5.000000000165983e-07,5.000000000165983e-07,0.0,4.5,1.2132596685082873,DDDDD
20200229,1920,Toulouse,94.99881223179301,0.28703703703703703,27,4.9325925925925915,9.999999997489795e-08,1.999999999497959e-07,3.3333333324965984e-07,5.000000000165983e-07,5.000000000165983e-07,0.0,3.6,1.2927927927927927,NDDDD
20200222,1920,Toulouse,94.99412793531035,0.2980769230769231,26,4.983846153846153,9.999999997489795e-08,1.999999999497959e-07,3.3333333324965984e-07,5.000000000165983e-07,5.000000000165983e-07,0.0,9.5,1.0496644295302013,DNDDD
20200215,1920,Toulouse,95.0129909597143,0.31,25,4.8032,9.999999997489795e-08,1.999999999497959e-07,3.3333333324965984e-07,5.000000000165983e-07,5.000000000165983e-07,0.0,2.5,1.5354838709677419,DDNDD
20200208,1920,Toulouse,95.00836971306505,0.3229166666666667,24,4.899166666666667,9.999999997489795e-08,1.999999999497959e-07,3.3333333324965984e-07,5.000000000165983e-07,5.000000000165983e-07,0.0,9.0,1.0611702127659575,DDDND
20200205,1920,Toulouse,95.0120091368548,0.33695652173913043,23,4.7208695652173915,9.999999997489795e-08,1.999999999497959e-07,3.3333333324965984e-07,5.000000000165983e-07,5.000000000165983e-07,0.0,3.4,1.3240223463687153,DDDDN
20200201,1920,Toulouse,94.99922396689072,0.3522727272727273,22,4.78090909090909,9.999999997489795e-08,1.999999999497959e-07,3.3333333324965984e-07,5.000000000165983e-07,5.000000000165983e-07,0.0,3.8,1.264485981308411,DDDDD
20200126,1920,Toulouse,95.00503064952048,0.36904761904761907,21,4.827619047619048,9.999999997489795e-08,1.999999999497959e-07,3.3333333324965984e-07,5.000000000165983e-07,5.000000000165983e-07,0.0,10.0,1.0469416785206258,DDDDD
20200111,1920,Toulouse,95.01667800996456,0.3875,20,4.569,0.3600001,1.999999999497959e-07,3.3333333324965984e-07,5.000000000165983e-07,5.000000000165983e-07,0.0,2.2,1.6746268656716417,DDDDD
20191221,1920,Toulouse,95.01309549666207,0.40789473684210525,19,4.693684210526316,0.3600001,1.999999999497959e-07,3.3333333324965984e-07,5.000000000165983e-07,5.000000000165983e-07,0.0,5.25,1.1639097744360902,DDDDD
20191214,1920,Toulouse,94.99882781100001,0.4305555555555556,18,4.6627777777777775,0.3600001,1.999999999497959e-07,3.3333333324965984e-07,5.000000000165983e-07,5.000000000165983e-07,0.0,3.2,1.361579892280072,DDDDD
20191207,1920,Toulouse,94.96838398835473,0.45588235294117646,17,4.748823529411764,0.3600001,1.999999999497959e-07,3.3333333324965984e-07,5.000000000165983e-07,5.000000000165983e-07,0.0,4.75,1.1840579710144927,DDDDD
20191204,1920,Toulouse,94.98018408971507,0.484375,16,4.748749999999999,0.3600001,1.999999999497959e-07,3.3333333324965984e-07,5.000000000165983e-07,5.000000000165983e-07,0.0,3.8,1.261061946902655,DDDDD
20191201,1920,Toulouse,94.99990400355877,0.5166666666666667,15,4.811999999999999,0.3600001,0.7200002,3.3333333324965984e-07,5.000000000165983e-07,5.000000000165983e-07,0.0,4.75,1.1886792452830188,VDDDD
20191124,1920,Toulouse,94.99450738155039,0.5535714285714286,14,4.816428571428571,0.5650001,0.7200002,3.3333333324965984e-07,5.000000000165983e-07,5.000000000165983e-07,0.0,3.2,1.331858407079646,DVDDD
20191110,1920,Toulouse,95.0676131797106,0.5961538461538461,13,4.94076923076923,0.5650001,0.7200002,1.2000003333333333,5.000000000165983e-07,5.000000000165983e-07,0.0,4.75,1.1886792452830188,NDVDD
20191102,1920,Toulouse,95.06695955204681,0.6458333333333334,12,4.956666666666666,0.7750001,0.7200002,1.2000003333333333,1.8000005,5.000000000165983e-07,0.0,5.0,1.177570093457944,DNDVD
20191027,1920,Toulouse,95.04485258792948,0.7045454545454546,11,4.952727272727272,0.7750001,0.7200002,1.2000003333333333,1.8000005,1.8000005,0.0,4.33,1.218867924528302,DDNDV
20191019,1920,Toulouse,95.03803178395253,0.775,10,5.015,0.0,1.999999999497959e-07,3.3333333324965984e-07,5.000000000165983e-07,1.8000005,3.6,3.6,1.2833333333333332,NDDND
20191005,1920,Toulouse,95.08586770078914,0.46111111111111114,9,5.172222222222222,0.0,0.4100001999999999,3.3333333324965984e-07,5.000000000165983e-07,5.000000000165983e-07,0.0,2.5,1.55,VNDDN
20190928,1920,Toulouse,95.0117246201779,0.51875,8,5.50625,0.0,0.4100001999999999,3.3333333324965984e-07,5.000000000165983e-07,5.000000000165983e-07,0.0,3.8,1.2757009345794392,DVNDD
20190925,1920,Toulouse,94.94093198562457,0.5928571428571429,7,5.75,0.0,0.8300002000000001,0.6833336666666666,5.000000000165983e-07,5.000000000165983e-07,0.0,2.75,1.4572649572649572,VDVND
20190921,1920,Toulouse,94.88918787522122,0.6916666666666667,6,6.25,0.0,0.8300002,0.6833336666666666,1.0250005,5.000000000165983e-07,0.0,3.75,1.2788990825688074,NVDVN
20190915,1920,Toulouse,94.7937790760978,0.83,5,6.75,0.0,0.0,1.3833336666666667,1.0250005,1.0250005,0.0,5.5,1.1479500891265597,
20190831,1920,Toulouse,94.749094739344,1.0375,4,7.0625,0.0,0.0,0.7000003333333334,1.0500005000000001,1.0250005,2.05,2.05,1.75,
20190825,1920,Toulouse,94.8628280735113,0.7,3,8.733333333333333,0.0,0.0,0.0,1.0500005000000001,1.0500005000000001,0.0,21.0,0.9909909909909911,
20190817,1920,Toulouse,94.97756861579747,1.05,2,2.6,0.0,0.0,0.0,0.0,1.0500005000000001,2.1,2.1,1.7464788732394367,
20190810,1920,Toulouse,94.60544847289849,0.0,1,3.1,0.0,0.0,0.0,0.0,0.0,0.0,3.1,1.361579892280072,
20200308,1920,Montpellier,95.02593031248898,0.8492857142857143,28,3.560714285714286,0.9730000999999999,0.8600002000000001,0.7333336666666668,1.1000005,1.1000005,0.0,3.75,1.2788990825688074,NVDDV
20200229,1920,Montpellier,95.01332655106863,0.8807407407407407,27,3.553703703703704,0.7530001,0.42000019999999993,0.7000003333333334,5.000000000165983e-07,1.1000005,2.2,2.2,1.671641791044776,DNVDD
20200222,1920,Montpellier,95.0142839242,0.83,26,3.605769230769231,0.7530001,0.7420002,0.7000003333333334,1.0500005000000001,5.000000000165983e-07,0.0,3.2,1.3684684684684685,VDNVD
20200214,1920,Montpellier,94.98066084220132,0.8632,25,3.622,0.9280001,1.1920001999999998,0.7000003333333334,1.0500005000000001,1.0500005000000001,0.0,4.5,1.1931818181818183,VVDNV
20200209,1920,Montpellier,95.00854765873017,0.8991666666666667,24,3.5854166666666667,0.7180001,1.0860002,0.536667,5.000000000165983e-07,1.0500005000000001,2.1,2.1,1.7410714285714286,VVVDN
20200205,1920,Montpellier,95.00073301263895,0.8469565217391304,23,3.6499999999999995,0.8980001,1.0860002,1.286667,0.8050005,5.000000000165983e-07,0.0,1.75,2.096685082872928,DVVVD
20200201,1920,Montpellier,94.98322104006182,0.8854545454545455,22,3.736363636363636,0.8980001,1.0860002,1.8100003333333332,1.9300004999999998,0.8050005,0.0,19.0,0.9978118161925601,DDVVV
20200125,1920,Montpellier,94.99182705137453,0.9276190476190476,21,3.0095238095238095,0.7370000999999999,0.7640001999999999,1.2733336666666666,1.9100004999999998,1.9300004999999998,1.61,1.61,2.2473118279569895,NDDVV
20200111,1920,Montpellier,95.05140084198857,0.8935,20,3.0795,0.5120001,0.6640001999999999,0.5233336666666667,0.7850005,1.9100004999999998,2.25,2.25,1.6439393939393938,VNDDV
20191221,1920,Montpellier,95.05461812980161,0.8221052631578948,19,3.123157894736842,0.6550001,0.35000019999999993,3.3333333324965984e-07,5.000000000165983e-07,0.7850005,1.57,1.57,2.4000000000000004,NVNDD
20191213,1920,Montpellier,95.06255031529436,0.7805555555555556,18,3.2094444444444443,0.6550001,0.7100002,0.5833336666666666,5.000000000165983e-07,5.000000000165983e-07,0.0,5.25,1.1666666666666667,VNVND
20191207,1920,Montpellier,95.03949177769135,0.8264705882352941,17,3.0894117647058823,0.8450000999999999,0.7100002,0.5833336666666666,0.8750005000000001,5.000000000165983e-07,0.0,7.0,1.0966386554621848,NVNVN
20191204,1920,Montpellier,95.05379836356354,0.878125,16,2.8449999999999998,0.8450000999999999,0.7100002,1.1833336666666665,0.8750005000000001,0.8750005000000001,0.0,2.5,1.5483870967741937,NNVNV
20191130,1920,Montpellier,95.01621626243589,0.9366666666666666,15,2.8680000000000003,0.8700000999999999,0.36000019999999994,0.6000003333333334,0.9000005,0.8750005000000001,1.75,1.75,2.0635838150289016,DNNVN
20191124,1920,Montpellier,95.03916312316692,0.8785714285714286,14,2.947857142857143,0.8700000999999999,0.9600002,0.6000003333333334,0.9000005,0.9000005,0.0,3.2,1.3527272727272728,VDNNV
20191110,1920,Montpellier,95.03603165537416,0.9461538461538461,13,2.9284615384615384,1.0500000999999999,0.6000002,3.3333333324965984e-07,5.000000000165983e-07,0.9000005,1.8,1.8,2.015151515151515,DVDNN
20191102,1920,Montpellier,95.03274623401568,0.875,12,3.0225000000000004,1.0500000999999999,0.9800002,1.0000003333333332,5.000000000165983e-07,5.000000000165983e-07,0.0,2.87,1.434782608695652,VDVDN
20191026,1920,Montpellier,94.97599549683568,0.9545454545454546,11,3.036363636363637,1.0500000999999999,0.9800002,1.0000003333333332,1.5000004999999998,5.000000000165983e-07,0.0,2.25,1.6439393939393938,NVDVD
20191019,1920,Montpellier,94.97456780916517,1.05,10,3.115,0.0,1.3800002,1.6333336666666667,1.5000004999999998,1.5000004999999998,0.0,4.2,1.2346534653465346,VNVDV
20191005,1920,Montpellier,94.92548788577307,1.1666666666666667,9,2.994444444444445,0.0,0.7800001999999999,0.6333336666666666,0.9500004999999999,1.5000004999999998,3.0,3.0,1.4035087719298245,DVNVD
20190929,1920,Montpellier,94.83898263643495,0.9375,8,2.9937500000000004,0.0,1.5000002,1.3000003333333332,0.9500004999999999,0.9500004999999999,0.0,3.25,1.3381818181818181,VDVNV
20190925,1920,Montpellier,94.84612536241325,1.0714285714285714,7,2.957142857142857,0.0,1.1200002,0.666667,1.0000005,0.9500004999999999,1.9,1.9,1.9045278137128072,NVDVN
20190921,1920,Montpellier,94.80163615153229,0.9333333333333333,6,3.1333333333333333,0.0,1.1200002,1.8666669999999999,1.0000005,1.0000005,0.0,4.2,1.2307692307692308,DNVDV
20190914,1920,Montpellier,94.72513618637133,1.12,5,2.92,0.0,0.0,1.2000003333333333,1.8000005,1.0000005,2.0,2.0,1.8103448275862069,
20190831,1920,Montpellier,94.65076412436689,0.9,4,3.15,0.0,0.0,1.2000003333333333,1.8000005,1.8000005,0.0,3.75,1.251923076923077,
20190827,1920,Montpellier,94.91497500319275,1.2,3,2.9499999999999997,0.0,0.0,0.0,5.000000000165983e-07,1.8000005,3.6,3.6,1.2788990825688074,
20190817,1920,Montpellier,95.189310944052,0.0,2,2.625,0.0,0.0,0.0,0.0,5.000000000165983e-07,0.0,3.0,1.3985765124555163,
20190810,1920,Montpellier,94.99027237354088,0.0,1,2.25,0.0,0.0,0.0,0.0,0.0,0.0,2.25,1.6439393939393938,
20200308,1920,Bordeaux,95.15827492582507,0.9339285714285714,28,3.8374999999999995,0.7500001,0.6000002,3.3333333324965984e-07,5.000000000165983e-07,5.000000000165983e-07,0.0,3.3,1.3381818181818181,NVNDN
20200301,1920,Bordeaux,95.15636949056773,0.9685185185185186,27,3.857407407407407,0.7500001,0.6000002,1.0000003333333332,5.000000000165983e-07,5.000000000165983e-07,0.0,1.9,1.9090909090909094,NNVND
20200223,1920,Bordeaux,95.15366330519485,1.0057692307692307,26,3.932692307692307,0.9450001,1.5000002,1.0000003333333332,1.5000004999999998,5.000000000165983e-07,0.0,17.0,1.011834319526627,VNNVN
20200215,1920,Bordeaux,95.13983611861158,1.046,25,3.4099999999999993,0.9450001,1.5000002,1.0000003333333332,1.5000004999999998,1.5000004999999998,0.0,1.8,2.015151515151515,DVNNV
20200208,1920,Bordeaux,95.14251859390056,1.0895833333333333,24,3.477083333333333,0.9950000999999999,0.9000001999999999,1.5000003333333332,5.000000000165983e-07,1.5000004999999998,3.0,3.0,1.4035087719298245,DDVNN
20200205,1920,Bordeaux,95.12186592926678,1.0065217391304349,23,3.497826086956522,0.9950000999999999,0.9000001999999999,1.5000003333333332,2.2500005,5.000000000165983e-07,0.0,3.0,1.4035087719298245,DDDVN
20200202,1920,Bordeaux,95.09933574966625,1.0522727272727272,22,3.5204545454545455,1.2200001,0.9000001999999999,1.5000003333333332,2.2500005,2.2500005,0.0,3.5,1.3037037037037036,DDDDV
20200126,1920,Bordeaux,95.10461674490497,1.1023809523809525,21,3.5214285714285714,0.7700001,0.39000019999999996,3.3333333324965984e-07,5.000000000165983e-07,2.2500005,4.5,4.5,1.192156862745098,VDDDD
20200111,1920,Bordeaux,95.14748106475443,0.9325,20,3.4725,0.7700001,0.39000019999999996,3.3333333324965984e-07,5.000000000165983e-07,5.000000000165983e-07,0.0,3.5,1.3037037037037036,NVDDD
20191221,1920,Bordeaux,95.15585191818082,0.9815789473684211,19,3.4710526315789476,1.0800001,1.0900002,0.6500003333333333,5.000000000165983e-07,5.000000000165983e-07,0.0,3.75,1.2788990825688074,VNVDD
20191215,1920,Bordeaux,95.14416414303318,1.0361111111111112,18,3.4555555555555557,1.0800001,1.0900002,0.6500003333333333,0.9750005,5.000000000165983e-07,0.0,2.25,1.6484848484848482,NVNVD
20191208,1920,Bordeaux,95.14429981300013,1.0970588235294119,17,3.5264705882352945,1.4000001,1.5400002,1.8166669999999998,0.9750005,0.9750005,0.0,5.25,1.1638554216867472,VNVNV
20191203,1920,Bordeaux,95.13667653947832,1.165625,16,3.41875,1.2050001,1.1500002,1.166667,1.7500004999999998,0.9750005,1.95,1.95,1.8565303430079156,DVNVN
20191130,1920,Bordeaux,95.13872966193449,1.1133333333333333,15,3.516666666666666,1.3900001,1.1500002,1.916667,1.7500004999999998,1.7500004999999998,0.0,4.0,1.2339805825242718,DDVNV
20191124,1920,Bordeaux,95.19825866009926,1.1928571428571428,14,3.4821428571428568,1.0400000999999999,1.0700002,0.7500003333333334,1.1250005,1.7500004999999998,3.5,3.5,1.2981818181818183,VDDVN
20191108,1920,Bordeaux,95.23697392532216,1.0153846153846153,13,3.4807692307692304,1.3200001,1.0700002,0.7500003333333334,1.1250005,1.1250005,0.0,3.3,1.3527272727272728,DVDDV
20191103,1920,Bordeaux,95.17807775086924,1.1,12,3.495833333333333,1.0950001,1.2600002,1.0333336666666666,5.000000000165983e-07,1.1250005,2.25,2.25,1.6666666666666667,VDVDD
20191026,1920,Bordeaux,95.12656837812428,0.9954545454545455,11,3.609090909090909,1.0950001,1.2600002,1.0333336666666666,1.5500005,5.000000000165983e-07,0.0,4.33,1.2132596685082873,NVDVD
20191020,1920,Bordeaux,95.16210402948757,1.095,10,3.537,0.0,1.6300002,2.1000003333333335,1.5500005,1.5500005,0.0,2.3,1.6246153846153848,VNVDV
20191005,1920,Bordeaux,95.15681317967804,1.2166666666666666,9,3.6744444444444446,0.0,1.0100002000000001,1.066667,1.6000005000000002,1.5500005,3.1,3.1,1.3839285714285714,NVNVD
20190928,1920,Bordeaux,95.09153828392792,0.98125,8,3.74625,0.0,1.5700002,1.683333666666667,1.6000005000000002,1.6000005000000002,0.0,6.0,1.1400000000000001,VNVNV
20190925,1920,Bordeaux,94.99056956338461,1.1214285714285714,7,3.424285714285715,0.0,0.9300001999999999,0.6166670000000001,0.9250005,1.6000005000000002,3.2,3.2,1.3636363636363635,NVNVN
20190921,1920,Bordeaux,94.88607617720237,0.775,6,3.4616666666666673,0.0,0.9300001999999999,1.5500003333333332,0.9250005,0.9250005,0.0,1.8,2.0238095238095237,DNVNV
20190914,1920,Bordeaux,94.80974222210735,0.93,5,3.7940000000000005,0.0,0.0,0.9333336666666666,1.4000005,0.9250005,1.85,1.85,1.9472049689440996,
20190831,1920,Bordeaux,94.7951989602628,0.7,4,4.28,0.0,0.0,0.9333336666666666,1.4000005,1.4000005,0.0,8.5,1.069182389937107,
20190824,1920,Bordeaux,94.73624293398167,0.9333333333333333,3,2.8733333333333335,0.0,0.0,0.0,5.000000000165983e-07,1.4000005,2.8,2.8,1.41993006993007,
20190817,1920,Bordeaux,94.99689899373081,0.0,2,2.91,0.0,0.0,0.0,0.0,5.000000000165983e-07,0.0,2.62,1.5,
20190810,1920,Bordeaux,94.60544847289849,0.0,1,3.2,0.0,0.0,0.0,0.0,0.0,0.0,3.2,1.3431444241316273,
20200308,1920,Lyon,94.97897411771218,0.7032142857142857,28,2.249285714285714,0.6940001,0.6920002000000001,1.1533336666666667,1.7300005,0.8050005,0.0,3.6,1.2939814814814816,NDNVV
20200301,1920,Lyon,94.97134575429423,0.7292592592592593,27,2.199259259259259,0.7030001,0.37000019999999995,0.6166670000000001,0.9250005,1.7300005,1.61,1.61,2.27027027027027,DNDNV
20200221,1920,Lyon,95.00109165951977,0.6953846153846154,26,2.2219230769230767,0.5180001,0.25600019999999996,3.3333333324965984e-07,5.000000000165983e-07,0.9250005,1.85,1.85,1.9090909090909094,VDNDN
20200216,1920,Lyon,95.04297329446163,0.6492,25,2.2367999999999997,0.7730001,0.6960002,3.3333333324965984e-07,5.000000000165983e-07,5.000000000165983e-07,0.0,1.66,2.22972972972973,VVDND
20200209,1920,Lyon,95.03822086155299,0.67625,24,2.2608333333333333,0.9170001,0.6960002,0.426667,5.000000000165983e-07,5.000000000165983e-07,0.0,10.0,1.0483870967741935,NVVDN
20200205,1920,Lyon,95.04464303166812,0.7056521739130435,23,1.9243478260869566,0.9170001,0.6960002,1.1600003333333335,0.6400005,5.000000000165983e-07,0.0,1.33,3.3157894736842106,DNVVD
20200202,1920,Lyon,95.05009667102121,0.7377272727272727,22,1.9513636363636366,1.0920001,1.0360002,1.1600003333333335,1.7400005,0.6400005,0.0,2.1,1.75,VDNVV
20200126,1920,Lyon,95.03083720513911,0.7728571428571429,21,1.9442857142857146,1.1080001,0.7800002,0.7333336666666668,1.1000005,1.7400005,1.28,1.28,3.650793650793651,DVDNV
20200111,1920,Lyon,95.04377489336413,0.7475,20,1.9775000000000003,0.8880001,0.8500002,0.566667,5.000000000165983e-07,1.1000005,2.2,2.2,1.671641791044776,VDVDN
20191221,1920,Lyon,95.04668752724366,0.6710526315789473,19,1.9657894736842105,0.8880001,1.1380002,0.566667,0.8500005,5.000000000165983e-07,0.0,2.62,1.4983333333333335,VVDVD
20191215,1920,Lyon,95.0314522396817,0.7083333333333334,18,1.9294444444444447,0.8880001,1.1380002,1.416667,0.8500005,0.8500005,0.0,1.65,2.27027027027027,DVVDV
20191206,1920,Lyon,95.00075781275622,0.75,17,1.9458823529411768,0.7180001,1.1480002,1.3300003333333332,1.2750005,0.8500005,1.7,1.7,2.159090909090909,VDVVD
20191203,1920,Lyon,94.99381165426315,0.690625,16,1.9612500000000002,0.7180001,1.4360002,1.3300003333333332,1.9950005,1.2750005,0.0,1.9,1.8719999999999997,VVDVV
20191130,1920,Lyon,95.04041217670715,0.7366666666666667,15,1.9653333333333336,0.46300009999999997,0.9260001999999999,1.0633336666666666,0.7200005,1.9950005,2.55,2.55,1.5041322314049586,NVVDV
20191123,1920,Lyon,95.07129212098016,0.6071428571428571,14,1.9235714285714287,0.31900009999999995,0.6380001999999999,1.0633336666666666,0.8750005000000001,0.7200005,1.44,1.44,2.739130434782609,DNVVD
20191110,1920,Lyon,95.12431286321632,0.5430769230769231,13,1.9607692307692308,0.31900009999999995,0.6380001999999999,1.0633336666666666,1.5950004999999998,0.8750005000000001,0.0,2.7,1.4918032786885247,DDNVV
20191102,1920,Lyon,95.04390835243687,0.5883333333333334,12,1.899166666666667,0.2940001,0.28800019999999993,0.48000033333333336,0.7200005,1.5950004999999998,1.75,1.75,2.093023255813953,NDDNV
20191026,1920,Lyon,95.01970582471864,0.4827272727272727,11,1.912727272727273,0.38700009999999996,1.999999999497959e-07,3.3333333324965984e-07,5.000000000165983e-07,0.7200005,1.44,1.44,2.8125000000000004,DNDDN
20191019,1920,Lyon,94.997866883381,0.387,10,1.9600000000000002,0.0,1.999999999497959e-07,3.3333333324965984e-07,5.000000000165983e-07,5.000000000165983e-07,0.0,1.33,3.4426229508196724,NDNDD
20191006,1920,Lyon,94.89357173679078,0.43,9,2.0300000000000002,0.0,1.999999999497959e-07,3.3333333324965984e-07,5.000000000165983e-07,5.000000000165983e-07,0.0,2.1,1.7485714285714287,NNDND
20190928,1920,Lyon,94.82876486313239,0.48375,8,2.02125,0.0,1.999999999497959e-07,3.3333333324965984e-07,5.000000000165983e-07,5.000000000165983e-07,0.0,1.55,2.4629629629629632,DNNDN
20190925,1920,Lyon,94.78551438244202,0.5528571428571428,7,2.0885714285714285,0.0,0.30000019999999994,3.3333333324965984e-07,5.000000000165983e-07,5.000000000165983e-07,0.0,1.72,2.111111111111111,VDNND
20190922,1920,Lyon,94.7865030517508,0.645,6,2.15,0.0,0.7740001999999999,3.3333333324965984e-07,5.000000000165983e-07,5.000000000165983e-07,0.0,3.9,1.2649572649572651,VVDNN
20190913,1920,Lyon,94.64070917260898,0.774,5,1.8,0.0,0.0,0.5000003333333334,5.000000000165983e-07,5.000000000165983e-07,0.0,1.72,2.142857142857143,
20190831,1920,Lyon,94.44733616990324,0.9675,4,1.82,0.0,0.0,1.2900003333333332,0.7500005000000001,5.000000000165983e-07,0.0,1.36,3.1481481481481484,
20190827,1920,Lyon,94.27242588016894,1.29,3,1.9733333333333334,0.0,0.0,0.0,1.9350005,0.7500005000000001,0.0,2.05,1.7485714285714287,
20190816,1920,Lyon,94.22548725951629,1.935,2,1.935,0.0,0.0,0.0,0.0,1.9350005,1.5,1.5,2.515004840271055,
20190809,1920,Lyon,94.49075752084087,2.37,1,2.37,0.0,0.0,0.0,0.0,0.0,2.37,2.37,1.5714285714285714,
